# rel_path	sha256	size_bytes	source_path
# Written by snapshot_results.py. `--check` re-hashes against this file, so a
# snapshot can be audited against the store it came from.
ramole/runs/ramole_l32_3b_d0/results/router_keys_iid.json	f6e08cca1e684766747493b25e8ae2c6a37c6b4e55bc02a7c7e8b3e7433a02b9	42582	/storage2/jack/checkpoints/ramole/runs/ramole_l32_3b_d0/results/router_keys_iid.json
ramole/runs/ramole_l32_3b_d0/results/router_keys_ood.json	9a5b6841a084e93a57fd9eaf3b6fc697d0e9374e37432fe0005260f6b2326e84	42582	/storage2/jack/checkpoints/ramole/runs/ramole_l32_3b_d0/results/router_keys_ood.json
ramole/runs/ramole_l32_3b_d0/results/router_retriever_iid.json	bc755de702b5b39f320683f67d2796022afa6623608873d3c627905ad95afeab	42705	/storage2/jack/checkpoints/ramole/runs/ramole_l32_3b_d0/results/router_retriever_iid.json
ramole/runs/ramole_l32_3b_d0/results/router_retriever_ood.json	ae0d16ebe61ef9764ebefcea55a7bbd81a2857b18b495c71d009d5a47d29ad94	42695	/storage2/jack/checkpoints/ramole/runs/ramole_l32_3b_d0/results/router_retriever_ood.json
ramole/runs/ramole_l32_3b_n32_k3/results/alpha_diag_keys.json	b48f6ddea0370ab17081a7f0f044f936b60fac827f8f46ab04005fb09b4eaf59	66053	/storage2/jack/checkpoints/ramole/runs/ramole_l32_3b_n32_k3/results/alpha_diag_keys.json
ramole/runs/ramole_l32_3b_n32_k3/results/alpha_diag_keys_d0.json	b1fb935aa291ac6fa59f27238d5f840e429e10c1e02147faabd82e43a9591509	66125	/storage2/jack/checkpoints/ramole/runs/ramole_l32_3b_n32_k3/results/alpha_diag_keys_d0.json
ramole/runs/ramole_l32_3b_n32_k3/results/alpha_diag_retriever.json	cb8ecc460fc8c3523531da3e6b6a0e148aedc9080ac4aea1e5b5d8a94239f182	65998	/storage2/jack/checkpoints/ramole/runs/ramole_l32_3b_n32_k3/results/alpha_diag_retriever.json
ramole/runs/ramole_l32_3b_n32_k3/results/mean_keys_iid.json	18555aeece6b5a3db17b19b12cb6af4c151da54c05863471045875018d3f8eb7	42711	/storage2/jack/checkpoints/ramole/runs/ramole_l32_3b_n32_k3/results/mean_keys_iid.json
ramole/runs/ramole_l32_3b_n32_k3/results/mean_keys_iid_k5.json	83837cdadb0f8cf3f31feb01743508eb7c9e4b0a0343ffb4f153927477316ad0	42664	/storage2/jack/checkpoints/ramole/runs/ramole_l32_3b_n32_k3/results/mean_keys_iid_k5.json
ramole/runs/ramole_l32_3b_n32_k3/results/mean_keys_iid_k8.json	9625880937795bd6400a2bbc1c88ccc5257cef9588cecbf407d7b95b5eba729f	42555	/storage2/jack/checkpoints/ramole/runs/ramole_l32_3b_n32_k3/results/mean_keys_iid_k8.json
ramole/runs/ramole_l32_3b_n32_k3/results/mean_unlearn_d0_after.json	db3c6384d282c60647fe651e7ef352ab4c33b8651f5315ce5cdea58de37b65bb	576	/storage2/jack/checkpoints/ramole/runs/ramole_l32_3b_n32_k3/results/mean_unlearn_d0_after.json
ramole/runs/ramole_l32_3b_n32_k3/results/mean_unlearn_d0_before.json	04f63aad4db6ecfa129f06fc7e844f6e3d8cd4f4373eeb3bc33cb92d3d7bc5a6	575	/storage2/jack/checkpoints/ramole/runs/ramole_l32_3b_n32_k3/results/mean_unlearn_d0_before.json
ramole/runs/ramole_l32_3b_n32_k3/results/mean_unlearn_d1_after.json	a421f27e952afcf5ef1b1f3cb60f554762082178071cb72cc6601d125d0a0f32	576	/storage2/jack/checkpoints/ramole/runs/ramole_l32_3b_n32_k3/results/mean_unlearn_d1_after.json
ramole/runs/ramole_l32_3b_n32_k3/results/mean_unlearn_d1_before.json	f9cc8c6cbd066a91cd1c11d5128b68fc3d3f36542bf02dbcd3c30672122bb210	575	/storage2/jack/checkpoints/ramole/runs/ramole_l32_3b_n32_k3/results/mean_unlearn_d1_before.json
ramole/runs/ramole_l32_3b_n32_k3/results/mean_unlearn_d2_after.json	d0cb5e988d126e31dc4fc23f7af858c333e0713a8647483f06e1f998025c67cc	570	/storage2/jack/checkpoints/ramole/runs/ramole_l32_3b_n32_k3/results/mean_unlearn_d2_after.json
ramole/runs/ramole_l32_3b_n32_k3/results/mean_unlearn_d2_before.json	e90bd7b46b92bc64ab6256a6cd471ec7a5041eb6228a8f5212cc31efa370fb15	573	/storage2/jack/checkpoints/ramole/runs/ramole_l32_3b_n32_k3/results/mean_unlearn_d2_before.json
ramole/runs/ramole_l32_3b_n32_k3/results/mean_unlearn_d_batch15_after.json	5b7512b42ab414ed992d4275d03bdc128119e0ba6b90125a1dac9d87498bb844	3566	/storage2/jack/checkpoints/ramole/runs/ramole_l32_3b_n32_k3/results/mean_unlearn_d_batch15_after.json
ramole/runs/ramole_l32_3b_n32_k3/results/mean_unlearn_d_batch15_before.json	edc163ab15e929230c34fc670e06b50167f09ac8aa6a3a7063342542f70fb307	3626	/storage2/jack/checkpoints/ramole/runs/ramole_l32_3b_n32_k3/results/mean_unlearn_d_batch15_before.json
ramole/runs/ramole_l32_3b_n32_k3/results/perfect.json	a02706ae2f5cd9a56912b927533333a4923e60b6b890b50974310025fc539143	42699	/storage2/jack/checkpoints/ramole/runs/ramole_l32_3b_n32_k3/results/perfect.json
ramole/runs/ramole_l32_3b_n32_k3/results/retrieval_accuracy.json	c287c4b538e783ce5c3110c66324acd06ac6807e597a6664a8defc6236c9d774	374	/storage2/jack/checkpoints/ramole/runs/ramole_l32_3b_n32_k3/results/retrieval_accuracy.json
ramole/runs/ramole_l32_3b_n32_k3/results/rl_family_dbpedia.json	43dabbdc19e53e50d4ac95e06bb957d8d3c51b1188d580a51f334589e31d57a3	42555	/storage2/jack/checkpoints/ramole/runs/ramole_l32_3b_n32_k3/results/rl_family_dbpedia.json
ramole/runs/ramole_l32_3b_n32_k3/results/rl_family_dbpedia.sims.npz	af7d1f10e4da6717635aefc6fbe10c0a4e898d355fbb76565c503bdf3bd0b5b9	28434	/storage2/jack/checkpoints/ramole/runs/ramole_l32_3b_n32_k3/results/rl_family_dbpedia.sims.npz
ramole/runs/ramole_l32_3b_n32_k3/results/router_keys_iid.json	96220740b460844635282c4674d584d6760d0b549d6f466ccc9be2cf5e322581	42652	/storage2/jack/checkpoints/ramole/runs/ramole_l32_3b_n32_k3/results/router_keys_iid.json
ramole/runs/ramole_l32_3b_n32_k3/results/router_keys_iid_k5.json	3f158bdefe0041acbab1dd9972403e2ab7620b53b4d17e2bf7573d67270fbfa8	42763	/storage2/jack/checkpoints/ramole/runs/ramole_l32_3b_n32_k3/results/router_keys_iid_k5.json
ramole/runs/ramole_l32_3b_n32_k3/results/router_keys_iid_k8.json	a56bb7d7cde6fdb998394b17a815c47f8a9ab25d007587cb4e06a9acb46493cc	42561	/storage2/jack/checkpoints/ramole/runs/ramole_l32_3b_n32_k3/results/router_keys_iid_k8.json
ramole/runs/ramole_l32_3b_n32_k3/results/router_retriever_iid.json	675b2ad999f29022eede79dd063ed500770e934d3beab1b292541c2ca3c0cf36	42566	/storage2/jack/checkpoints/ramole/runs/ramole_l32_3b_n32_k3/results/router_retriever_iid.json
ramole/runs/ramole_l32_3b_n32_k3/results/router_retriever_ood.json	22173fcc8b4a3f8ca06f9c658db9e6dab90a84ec4c686e7c629439d4e42d465c	42721	/storage2/jack/checkpoints/ramole/runs/ramole_l32_3b_n32_k3/results/router_retriever_ood.json
ramole/runs/ramole_l32_3b_n32_k3/results/router_unlearn_d0_after.json	2c00349a79c057ce46ac3ba66a5ed9ae6d3263072fe124a10fbdcce298bbee93	578	/storage2/jack/checkpoints/ramole/runs/ramole_l32_3b_n32_k3/results/router_unlearn_d0_after.json
ramole/runs/ramole_l32_3b_n32_k3/results/router_unlearn_d0_after_rebuilt.json	6645b8baeebc08ea9e8dcb76b9c8cae9c6d3d55ee07eff3cba69ff2483755281	586	/storage2/jack/checkpoints/ramole/runs/ramole_l32_3b_n32_k3/results/router_unlearn_d0_after_rebuilt.json
ramole/runs/ramole_l32_3b_n32_k3/results/router_unlearn_d0_before.json	73f68d04d8b1d20f9acfefae9110016a79ff801c8cf3dc87451fc67dc6c39370	581	/storage2/jack/checkpoints/ramole/runs/ramole_l32_3b_n32_k3/results/router_unlearn_d0_before.json
ramole/runs/ramole_l32_3b_n32_k3/results/router_unlearn_d1_after.json	e5c8e5d1d071342ab79c0d6c511b24524c2598d708dadc3fc47a0a87d0369092	576	/storage2/jack/checkpoints/ramole/runs/ramole_l32_3b_n32_k3/results/router_unlearn_d1_after.json
ramole/runs/ramole_l32_3b_n32_k3/results/router_unlearn_d1_after_rebuilt.json	39840d65c8140e1ac6072b921629cac07573b9634d6e8bd9c6f55bc64a26cbd7	584	/storage2/jack/checkpoints/ramole/runs/ramole_l32_3b_n32_k3/results/router_unlearn_d1_after_rebuilt.json
ramole/runs/ramole_l32_3b_n32_k3/results/router_unlearn_d1_before.json	d1f38960827d060e2ca5f41df8ec456275d528382d90ce6fa3d779c72aae74c3	581	/storage2/jack/checkpoints/ramole/runs/ramole_l32_3b_n32_k3/results/router_unlearn_d1_before.json
ramole/runs/ramole_l32_3b_n32_k3/results/router_unlearn_d2_after.json	45af418bb80d7068c62f9cf34c086c5078b8219dba1b490a82fa0398b63821f2	574	/storage2/jack/checkpoints/ramole/runs/ramole_l32_3b_n32_k3/results/router_unlearn_d2_after.json
ramole/runs/ramole_l32_3b_n32_k3/results/router_unlearn_d2_after_rebuilt.json	17bc3e8df6704595660f80db5b5573299fcd088712b1b6d6740c85e5c12938cd	584	/storage2/jack/checkpoints/ramole/runs/ramole_l32_3b_n32_k3/results/router_unlearn_d2_after_rebuilt.json
ramole/runs/ramole_l32_3b_n32_k3/results/router_unlearn_d2_before.json	6e3f0b04b5a6095c3aacf5de169bd0dba2cf2cee2358f6c4e1be52b90470de13	581	/storage2/jack/checkpoints/ramole/runs/ramole_l32_3b_n32_k3/results/router_unlearn_d2_before.json
ramole/runs/ramole_l32_3b_n32_k3/results/router_unlearn_d_batch15_after.json	cdf8b0ce0ffbe89dc98dd9dc4d80a5692987b9bb4cadf99264301bb3229abf68	3604	/storage2/jack/checkpoints/ramole/runs/ramole_l32_3b_n32_k3/results/router_unlearn_d_batch15_after.json
ramole/runs/ramole_l32_3b_n32_k3/results/router_unlearn_d_batch15_before.json	c65459413ec4398016614653739011b34171413ba3ec9d4cab5a0ec924a7d373	3610	/storage2/jack/checkpoints/ramole/runs/ramole_l32_3b_n32_k3/results/router_unlearn_d_batch15_before.json
ramole/runs/ramole_l32_3b_n32_k3/results/routing_audit.json	0131c71f7bbc0c7135ca0f5edd646c48a22905e49652845b3c1a62519b04ae77	27818	/storage2/jack/checkpoints/ramole/runs/ramole_l32_3b_n32_k3/results/routing_audit.json
ramole/runs/ramole_l32_3b_n32_k3/results/throughput.json	20cf0a3c9939859701c7393b07386df5fbcb1660b993a5f9a40650858c223b8b	5933	/storage2/jack/checkpoints/ramole/runs/ramole_l32_3b_n32_k3/results/throughput.json
ramole/runs/ramole_l32_3b_s43/results/router_keys_iid.json	b778984534428c23ccf3c58670d1d6c3214c450145771c3a6ddce37bcd7e60b9	42637	/storage2/jack/checkpoints/ramole/runs/ramole_l32_3b_s43/results/router_keys_iid.json
ramole/runs/ramole_l32_3b_s44/results/router_keys_iid.json	34a02c142fbaad3b9ef7ffb72bb38c82574e4dab9b1df2933ebda89376e98d0f	42805	/storage2/jack/checkpoints/ramole/runs/ramole_l32_3b_s44/results/router_keys_iid.json
tofu/Llama-2-7B-chat-hf_k100_r32_e5_lr1e4/results/smoke/merged_dare_ties.json	2aa4856ee9554b6f43d16505f248d89231c59378af7807387731c644e972144d	703	/storage2/jack/checkpoints/tofu_sisa_lora/Llama-2-7B-chat-hf_k100_r32_e5_lr1e4/results/smoke/merged_dare_ties.json
tofu/Llama-2-7B-chat-hf_k100_r32_e5_lr1e4/results/smoke/merged_jd_full_c7.json	a6b0cbe40a4fc71a5734c5d8dfa2d45118eeb457f8d8bb360704fa395e0f06f3	706	/storage2/jack/checkpoints/tofu_sisa_lora/Llama-2-7B-chat-hf_k100_r32_e5_lr1e4/results/smoke/merged_jd_full_c7.json
tofu/Llama-2-7B-chat-hf_k100_r32_e5_lr1e4/results/smoke/merged_linear.json	2e4f7ae5684367642e0c1741c3df0c630f03717aeafab91a3aa0fc878cf533b6	697	/storage2/jack/checkpoints/tofu_sisa_lora/Llama-2-7B-chat-hf_k100_r32_e5_lr1e4/results/smoke/merged_linear.json
tofu/Llama-2-7B-chat-hf_k100_r32_e5_lr1e4/results/smoke/remerge_dare_ties.json	ea8e67b2ee384c7dbc584ff22a3a64c283b2228bada9c462f5ff6c7ed4672ca2	703	/storage2/jack/checkpoints/tofu_sisa_lora/Llama-2-7B-chat-hf_k100_r32_e5_lr1e4/results/smoke/remerge_dare_ties.json
tofu/Llama-2-7B-chat-hf_k100_r32_e5_lr1e4/results/smoke/remerge_jd_full_c7.json	de46dc20aae8d29f4e65b3f56ca651f25bf68fc36ed153366afbbfc0be2517e3	705	/storage2/jack/checkpoints/tofu_sisa_lora/Llama-2-7B-chat-hf_k100_r32_e5_lr1e4/results/smoke/remerge_jd_full_c7.json
tofu/Llama-2-7B-chat-hf_k100_r32_e5_lr1e4/results/smoke/remerge_linear.json	790e0bfefc06ef9ee1cc4589b2366df662f467abd08c58125b08069d7a664c6e	702	/storage2/jack/checkpoints/tofu_sisa_lora/Llama-2-7B-chat-hf_k100_r32_e5_lr1e4/results/smoke/remerge_linear.json
tofu/Llama-2-7B-chat-hf_k100_r32_e5_lr1e4/results/smoke/routed_key_exact.json	f743cde5bc892a9dc0d7c3deda759306520b43b2c2705ed7ea225fb056060843	704	/storage2/jack/checkpoints/tofu_sisa_lora/Llama-2-7B-chat-hf_k100_r32_e5_lr1e4/results/smoke/routed_key_exact.json
tofu/Llama-2-7B-chat-hf_k100_r32_e5_lr1e4/results/smoke/routed_key_exact_no99.json	a325709dba4e864c22ab1020254f51efb55ed9dc457230da9d8f00ad2b3d9b3a	712	/storage2/jack/checkpoints/tofu_sisa_lora/Llama-2-7B-chat-hf_k100_r32_e5_lr1e4/results/smoke/routed_key_exact_no99.json
tofu/Llama-2-7B-chat-hf_k100_r32_e5_lr1e4/results/smoke/shard_99_only.json	c31d686bfa0a4549c0a12b4432fb2954a1477be82add74fcb213da14cc37f15f	693	/storage2/jack/checkpoints/tofu_sisa_lora/Llama-2-7B-chat-hf_k100_r32_e5_lr1e4/results/smoke/shard_99_only.json
tofu/Llama-2-7B-chat-hf_k10_r32_e5_lr1e4/results/router_leak/rl_family_k10_7b_behavioral.activation_norm.npz	2f4a02e16dc2e792566ee5abd45c4994a7847e041d2ad176f96b908394e69f93	28865	/storage2/jack/checkpoints/tofu_sisa_lora/Llama-2-7B-chat-hf_k10_r32_e5_lr1e4/results/router_leak/rl_family_k10_7b_behavioral.activation_norm.npz
tofu/Llama-2-7B-chat-hf_k10_r32_e5_lr1e4/results/router_leak/rl_family_k10_7b_behavioral.attn_norm.npz	88b23e89db008309a2e4b745499798a6b344a0edc450b8b63348eefef652defd	28559	/storage2/jack/checkpoints/tofu_sisa_lora/Llama-2-7B-chat-hf_k10_r32_e5_lr1e4/results/router_leak/rl_family_k10_7b_behavioral.attn_norm.npz
tofu/Llama-2-7B-chat-hf_k10_r32_e5_lr1e4/results/router_leak/rl_family_k10_7b_behavioral.json	c38692499e6b4bfb9048fd5419ac7c3d2f0d63933b9d80a221fb61eeb5a24e7e	19157	/storage2/jack/checkpoints/tofu_sisa_lora/Llama-2-7B-chat-hf_k10_r32_e5_lr1e4/results/router_leak/rl_family_k10_7b_behavioral.json
tofu/Llama-2-7B-chat-hf_k10_r32_e5_lr1e4/results/router_leak/rl_family_k10_7b_behavioral.logit_div.npz	ff64bfd42c5b04d46e4775a68e428e26bbc761aece85ae696757ba202b9dd430	95038	/storage2/jack/checkpoints/tofu_sisa_lora/Llama-2-7B-chat-hf_k10_r32_e5_lr1e4/results/router_leak/rl_family_k10_7b_behavioral.logit_div.npz
tofu/Llama-2-7B-chat-hf_k10_r32_e5_lr1e4/results/router_leak/rl_family_k10_7b_behavioral.ppl.npz	aeddad2c65c4f44db685f8f1948ec3fd97a77345a9a83803c882c3d70f8db142	29131	/storage2/jack/checkpoints/tofu_sisa_lora/Llama-2-7B-chat-hf_k10_r32_e5_lr1e4/results/router_leak/rl_family_k10_7b_behavioral.ppl.npz
tofu/Llama-2-7B-chat-hf_k10_r32_e5_lr1e4/results/router_leak/rl_family_k10_7b_feature.centroid_lm.npz	228bed3da10d2c08e2c41ef5daef48aa0a7ea147eb0543bf19d944addb2acd41	1208184	/storage2/jack/checkpoints/tofu_sisa_lora/Llama-2-7B-chat-hf_k10_r32_e5_lr1e4/results/router_leak/rl_family_k10_7b_feature.centroid_lm.npz
tofu/Llama-2-7B-chat-hf_k10_r32_e5_lr1e4/results/router_leak/rl_family_k10_7b_feature.centroid_lm_last.npz	30951a334ce67fb3cd69d79f9aff3f87d176c0ac5010be284b7daefc70579504	1196037	/storage2/jack/checkpoints/tofu_sisa_lora/Llama-2-7B-chat-hf_k10_r32_e5_lr1e4/results/router_leak/rl_family_k10_7b_feature.centroid_lm_last.npz
tofu/Llama-2-7B-chat-hf_k10_r32_e5_lr1e4/results/router_leak/rl_family_k10_7b_feature.centroid_sbert.npz	384eff14a462576c56df5e8c3c2a830cb4a44179695f40f5c8d36d97a7f93842	1245154	/storage2/jack/checkpoints/tofu_sisa_lora/Llama-2-7B-chat-hf_k10_r32_e5_lr1e4/results/router_leak/rl_family_k10_7b_feature.centroid_sbert.npz
tofu/Llama-2-7B-chat-hf_k10_r32_e5_lr1e4/results/router_leak/rl_family_k10_7b_feature.centroid_sbert_q.npz	5b00ec221093654670001f9ce7cdd5ca4b5762cdcede05f62e22220e0f743968	1244485	/storage2/jack/checkpoints/tofu_sisa_lora/Llama-2-7B-chat-hf_k10_r32_e5_lr1e4/results/router_leak/rl_family_k10_7b_feature.centroid_sbert_q.npz
tofu/Llama-2-7B-chat-hf_k10_r32_e5_lr1e4/results/router_leak/rl_family_k10_7b_feature.json	0316e7ab5183b4794af0343fc787d372a89f1df56cd36837bf872dcc65b6d7cd	20336	/storage2/jack/checkpoints/tofu_sisa_lora/Llama-2-7B-chat-hf_k10_r32_e5_lr1e4/results/router_leak/rl_family_k10_7b_feature.json
tofu/Llama-2-7B-chat-hf_k10_r32_e5_lr1e4/results/router_leak/rl_family_k10_7b_feature.key_exact.npz	5d4e46dfb3f2bb1c4d3a404090975aa5159322fa334425e659dad71214b4eb99	2264	/storage2/jack/checkpoints/tofu_sisa_lora/Llama-2-7B-chat-hf_k10_r32_e5_lr1e4/results/router_leak/rl_family_k10_7b_feature.key_exact.npz
tofu/Llama-2-7B-chat-hf_k10_r32_e5_lr1e4/results/router_leak/rl_family_k10_7b_feature.key_tfidf.npz	4541b684b872a1ef2f92cf9f8c28a6331c21806716430d3afd154d5b30b926a9	1275279	/storage2/jack/checkpoints/tofu_sisa_lora/Llama-2-7B-chat-hf_k10_r32_e5_lr1e4/results/router_leak/rl_family_k10_7b_feature.key_tfidf.npz
tofu/Llama-2-7B-chat-hf_k10_r32_e5_lr1e4/results/smoke/merged_breadcrumbs.json	183c89523fdc6fc7f7e80ebeb4e9a23a03ef72e202dff5146d81bd7defd1039a	708	/storage2/jack/checkpoints/tofu_sisa_lora/Llama-2-7B-chat-hf_k10_r32_e5_lr1e4/results/smoke/merged_breadcrumbs.json
tofu/Llama-2-7B-chat-hf_k10_r32_e5_lr1e4/results/smoke/merged_cat.json	0c7cfed917a212df4957a8a0bd5afa79c19031c778a189db5b3ed3d5d6dcd2b8	685	/storage2/jack/checkpoints/tofu_sisa_lora/Llama-2-7B-chat-hf_k10_r32_e5_lr1e4/results/smoke/merged_cat.json
tofu/Llama-2-7B-chat-hf_k10_r32_e5_lr1e4/results/smoke/merged_dare_ties.json	a5c56f38ee81f8549343de6ffdb74c5db9169c4fd1a4daea36e550b1b0fcee02	704	/storage2/jack/checkpoints/tofu_sisa_lora/Llama-2-7B-chat-hf_k10_r32_e5_lr1e4/results/smoke/merged_dare_ties.json
tofu/Llama-2-7B-chat-hf_k10_r32_e5_lr1e4/results/smoke/merged_della_linear.json	3ee7ff064586f4ba151b69a6561a5c5c91b596da662872f318ccc7ee854935d4	705	/storage2/jack/checkpoints/tofu_sisa_lora/Llama-2-7B-chat-hf_k10_r32_e5_lr1e4/results/smoke/merged_della_linear.json
tofu/Llama-2-7B-chat-hf_k10_r32_e5_lr1e4/results/smoke/merged_della_ties.json	3a7e61ce8b1161718275b1db32ccaee38d6c2cf96e148f12ce62e7616059e129	704	/storage2/jack/checkpoints/tofu_sisa_lora/Llama-2-7B-chat-hf_k10_r32_e5_lr1e4/results/smoke/merged_della_ties.json
tofu/Llama-2-7B-chat-hf_k10_r32_e5_lr1e4/results/smoke/merged_fisher.json	37b9dfdb895a712e46b09e5a14e0f4c52e8e0cb956d514319c9034ad5e31e1ec	695	/storage2/jack/checkpoints/tofu_sisa_lora/Llama-2-7B-chat-hf_k10_r32_e5_lr1e4/results/smoke/merged_fisher.json
tofu/Llama-2-7B-chat-hf_k10_r32_e5_lr1e4/results/smoke/merged_knots_ties.json	30e36b905308995b099d474880a1e04c2984c359d9ebe2f19a6920838f20aac7	705	/storage2/jack/checkpoints/tofu_sisa_lora/Llama-2-7B-chat-hf_k10_r32_e5_lr1e4/results/smoke/merged_knots_ties.json
tofu/Llama-2-7B-chat-hf_k10_r32_e5_lr1e4/results/smoke/merged_linear.json	a25e7b39e9d60708822420634182c444fb635df14d1072f6919adbf10ec2c8b7	695	/storage2/jack/checkpoints/tofu_sisa_lora/Llama-2-7B-chat-hf_k10_r32_e5_lr1e4/results/smoke/merged_linear.json
tofu/Llama-2-7B-chat-hf_k10_r32_e5_lr1e4/results/smoke/merged_lorahub.json	427dc0ba8ada3f93c28fb9238363708fb7ba698992d69a5e5ddb8e7f1269b40e	697	/storage2/jack/checkpoints/tofu_sisa_lora/Llama-2-7B-chat-hf_k10_r32_e5_lr1e4/results/smoke/merged_lorahub.json
tofu/Llama-2-7B-chat-hf_k10_r32_e5_lr1e4/results/smoke/remerge_breadcrumbs.json	8a0cbbe378e0d6c1585261712a1e8d5d6bbdc25837fd32712996bb2547b4be85	717	/storage2/jack/checkpoints/tofu_sisa_lora/Llama-2-7B-chat-hf_k10_r32_e5_lr1e4/results/smoke/remerge_breadcrumbs.json
tofu/Llama-2-7B-chat-hf_k10_r32_e5_lr1e4/results/smoke/remerge_cat.json	dc6dc0ce2bb95daaa34185075a803bdb562ba418eadfdff7e19ed27409365474	684	/storage2/jack/checkpoints/tofu_sisa_lora/Llama-2-7B-chat-hf_k10_r32_e5_lr1e4/results/smoke/remerge_cat.json
tofu/Llama-2-7B-chat-hf_k10_r32_e5_lr1e4/results/smoke/remerge_dare_ties.json	94db936f0a59a70466a22c1981d735c9ef91f612db9c3521ef63b535012c434c	702	/storage2/jack/checkpoints/tofu_sisa_lora/Llama-2-7B-chat-hf_k10_r32_e5_lr1e4/results/smoke/remerge_dare_ties.json
tofu/Llama-2-7B-chat-hf_k10_r32_e5_lr1e4/results/smoke/remerge_della_linear.json	096e6b50c069f13d872ee29e960f7bce824b8c9827e0c5a2fb44ea54d46150e0	712	/storage2/jack/checkpoints/tofu_sisa_lora/Llama-2-7B-chat-hf_k10_r32_e5_lr1e4/results/smoke/remerge_della_linear.json
tofu/Llama-2-7B-chat-hf_k10_r32_e5_lr1e4/results/smoke/remerge_della_ties.json	876e4d97db1eccc6ad7155f9f62f43363dbdc7bfde1ff92f7a09934bc10d1097	706	/storage2/jack/checkpoints/tofu_sisa_lora/Llama-2-7B-chat-hf_k10_r32_e5_lr1e4/results/smoke/remerge_della_ties.json
tofu/Llama-2-7B-chat-hf_k10_r32_e5_lr1e4/results/smoke/remerge_fisher.json	38c83d09b0e1c28fb8b38448e44b340ed180faa1a9e4159d796ae3c35d9f9d7d	700	/storage2/jack/checkpoints/tofu_sisa_lora/Llama-2-7B-chat-hf_k10_r32_e5_lr1e4/results/smoke/remerge_fisher.json
tofu/Llama-2-7B-chat-hf_k10_r32_e5_lr1e4/results/smoke/remerge_knots_ties.json	72f40cf3f953b5f90a2cf0d9e9885985c5e660430357862b51517dd4e4ed1a27	707	/storage2/jack/checkpoints/tofu_sisa_lora/Llama-2-7B-chat-hf_k10_r32_e5_lr1e4/results/smoke/remerge_knots_ties.json
tofu/Llama-2-7B-chat-hf_k10_r32_e5_lr1e4/results/smoke/remerge_linear.json	686c99272ffa8ae65a509fe0a25282795049b9d72f4b98057eda1d92495f65bd	696	/storage2/jack/checkpoints/tofu_sisa_lora/Llama-2-7B-chat-hf_k10_r32_e5_lr1e4/results/smoke/remerge_linear.json
tofu/Llama-2-7B-chat-hf_k10_r32_e5_lr1e4/results/smoke/remerge_lorahub.json	f074d96db83cb1d7749cb16b1e5103c881990eaba42af4c2a8816edb54629276	697	/storage2/jack/checkpoints/tofu_sisa_lora/Llama-2-7B-chat-hf_k10_r32_e5_lr1e4/results/smoke/remerge_lorahub.json
tofu/Llama-2-7B-chat-hf_k10_r32_e5_lr1e4/results/smoke/routed_key_exact.json	756e97b33d897b7b009a31d0e14591ab812a353cfc7f5fa356f0d54593c57f07	756	/storage2/jack/checkpoints/tofu_sisa_lora/Llama-2-7B-chat-hf_k10_r32_e5_lr1e4/results/smoke/routed_key_exact.json
tofu/Llama-2-7B-chat-hf_k10_r32_e5_lr1e4/results/smoke/shard_9_only.json	5ba8bfe765298d89dff0d291aaa0d563c699e65b90b58a86f71839afa6614a79	687	/storage2/jack/checkpoints/tofu_sisa_lora/Llama-2-7B-chat-hf_k10_r32_e5_lr1e4/results/smoke/shard_9_only.json
tofu/Llama-2-7B-chat-hf_k10_r32_e5_lr1e4/results/smoke/subtract_orth.json	5abdfcc7a413159f9dae1b03eab6431c413a22273739ae3b5a9b43cda36fe29f	705	/storage2/jack/checkpoints/tofu_sisa_lora/Llama-2-7B-chat-hf_k10_r32_e5_lr1e4/results/smoke/subtract_orth.json
tofu/Llama-2-7B-chat-hf_k200_r32_e25_lr1e4/results/router_leak/rl_family_k200.centroid_lm.npz	45022f15e15713013b2bb6eba25ad4d315854273f9bb8ea6c6895f5d84e91c00	3015373	/storage2/jack/checkpoints/tofu_sisa_lora/Llama-2-7B-chat-hf_k200_r32_e25_lr1e4/results/router_leak/rl_family_k200.centroid_lm.npz
tofu/Llama-2-7B-chat-hf_k200_r32_e25_lr1e4/results/router_leak/rl_family_k200.centroid_sbert.npz	a6a6f9a4764bfd75c959d69ebdc72cf4f8dda2a7ac94cd323e8804361b5371c3	3038715	/storage2/jack/checkpoints/tofu_sisa_lora/Llama-2-7B-chat-hf_k200_r32_e25_lr1e4/results/router_leak/rl_family_k200.centroid_sbert.npz
tofu/Llama-2-7B-chat-hf_k200_r32_e25_lr1e4/results/router_leak/rl_family_k200.json	b4d5eb5622c522999220bad02ff10d3f408079364ff0bb20ecaee25c9c11c8c6	16060	/storage2/jack/checkpoints/tofu_sisa_lora/Llama-2-7B-chat-hf_k200_r32_e25_lr1e4/results/router_leak/rl_family_k200.json
tofu/Llama-2-7B-chat-hf_k200_r32_e25_lr1e4/results/router_leak/rl_family_k200.key_exact.npz	aa93d25465e4f12959d1ecfa28e36485648f54b47ce7a28de872fe1b1107666f	5972	/storage2/jack/checkpoints/tofu_sisa_lora/Llama-2-7B-chat-hf_k200_r32_e25_lr1e4/results/router_leak/rl_family_k200.key_exact.npz
tofu/Llama-2-7B-chat-hf_k200_r32_e25_lr1e4/results/router_leak/rl_family_k200.key_tfidf.npz	3d583bad89af3f723a2f3907ba59402758e60c7fc493e8f8c0fcc8672a81ac43	3117160	/storage2/jack/checkpoints/tofu_sisa_lora/Llama-2-7B-chat-hf_k200_r32_e25_lr1e4/results/router_leak/rl_family_k200.key_tfidf.npz
tofu/Llama-2-7B-chat-hf_k200_r32_e25_lr1e4/results/smoke/routed_key_exact.json	73c227395a0cc18fe5866108aa8a51686ae56fe2b2a253cfed0ffe35e72702b8	755	/storage2/jack/checkpoints/tofu_sisa_lora/Llama-2-7B-chat-hf_k200_r32_e25_lr1e4/results/smoke/routed_key_exact.json
tofu/Llama-2-7B-chat-hf_k200_r32_e25_lr1e4/results/smoke/routed_key_exact_no199.json	7b4f2c5e574490ab48e93b515bcc80ef206e48917bbf26407ea8a178e85e9043	768	/storage2/jack/checkpoints/tofu_sisa_lora/Llama-2-7B-chat-hf_k200_r32_e25_lr1e4/results/smoke/routed_key_exact_no199.json
tofu/Llama-2-7B-chat-hf_k200_r32_e25_lr1e4/results/smoke/routed_oracle_del199.json	b62c125362d081f4e144ac6aeb788f906022a0a1255c9dc90de2aa220ee8d278	700	/storage2/jack/checkpoints/tofu_sisa_lora/Llama-2-7B-chat-hf_k200_r32_e25_lr1e4/results/smoke/routed_oracle_del199.json
tofu/Llama-2-7B-chat-hf_k200_r32_e25_lr1e4/results/smoke/routed_oracle_full.json	272a8779c3506f2327cf471238ba3b389fd1ca97cedf14ab9e933fa5a7fd57a1	694	/storage2/jack/checkpoints/tofu_sisa_lora/Llama-2-7B-chat-hf_k200_r32_e25_lr1e4/results/smoke/routed_oracle_full.json
tofu/Llama-2-7B-chat-hf_k200_r8_e5_lr1e4/results/merged_breadcrumbs_s0.00177.json	b6ab4d35cb2c6e61e3816a6abdd744d95d14139475eb6da54f97d582ad7da824	773	/storage2/jack/checkpoints/tofu_sisa_lora/Llama-2-7B-chat-hf_k200_r8_e5_lr1e4/results/merged_breadcrumbs_s0.00177.json
tofu/Llama-2-7B-chat-hf_k200_r8_e5_lr1e4/results/merged_breadcrumbs_s0.005.json	067da1ee62c2254b4583f3118ffc78765d33818763fda30887d09cd3180d5464	774	/storage2/jack/checkpoints/tofu_sisa_lora/Llama-2-7B-chat-hf_k200_r8_e5_lr1e4/results/merged_breadcrumbs_s0.005.json
tofu/Llama-2-7B-chat-hf_k200_r8_e5_lr1e4/results/merged_della_ties.json	fea26c76463df86130da9a26faea386ca59ff8f0fa52a4416bbc99e6bbedd79d	760	/storage2/jack/checkpoints/tofu_sisa_lora/Llama-2-7B-chat-hf_k200_r8_e5_lr1e4/results/merged_della_ties.json
tofu/Llama-2-7B-chat-hf_k200_r8_e5_lr1e4/results/merged_fisher.json	b34c88da39f33103d6d2b13ec405e81c6508917710e923696d2fc4e3e66bad32	748	/storage2/jack/checkpoints/tofu_sisa_lora/Llama-2-7B-chat-hf_k200_r8_e5_lr1e4/results/merged_fisher.json
tofu/Llama-2-7B-chat-hf_k200_r8_e5_lr1e4/results/merged_lorahub.json	22f537d0187b3d10e1a64e0ae608211e9f6ceb8f3dd322f2db73dd98851873b3	750	/storage2/jack/checkpoints/tofu_sisa_lora/Llama-2-7B-chat-hf_k200_r8_e5_lr1e4/results/merged_lorahub.json
tofu/Llama-2-7B-chat-hf_k200_r8_e5_lr1e4/results/merged_regmean.json	3e1810332aa4d94c9d32d49290c05c3822b404952a8bf2ae965da9b948aaa935	752	/storage2/jack/checkpoints/tofu_sisa_lora/Llama-2-7B-chat-hf_k200_r8_e5_lr1e4/results/merged_regmean.json
tofu/Llama-2-7B-chat-hf_k200_r8_e5_lr1e4/results/merged_ties.json	a6704630ea7f94a2522ed10af8dceff193e5ddc49337e606f2c41882189a48ab	750	/storage2/jack/checkpoints/tofu_sisa_lora/Llama-2-7B-chat-hf_k200_r8_e5_lr1e4/results/merged_ties.json
tofu/Llama-2-7B-chat-hf_k200_r8_e5_lr1e4/results/merged_tsv.json	55296d84cb7879a5089f27bb416386ced0cff4882f0be8a812106f67b794e5b1	744	/storage2/jack/checkpoints/tofu_sisa_lora/Llama-2-7B-chat-hf_k200_r8_e5_lr1e4/results/merged_tsv.json
tofu/Llama-2-7B-chat-hf_k200_r8_e5_lr1e4/results/smoke/merged_dare_ties.json	f59ec33f5903cc7c23e1238b10dfb7d013742323cc612d14ab81cb976d6b11c4	705	/storage2/jack/checkpoints/tofu_sisa_lora/Llama-2-7B-chat-hf_k200_r8_e5_lr1e4/results/smoke/merged_dare_ties.json
tofu/Llama-2-7B-chat-hf_k200_r8_e5_lr1e4/results/smoke/merged_linear.json	24d1482fe31ebf5c3d3e0f9f27ef9719525aabcdb8a23afd265c002c699e90a1	694	/storage2/jack/checkpoints/tofu_sisa_lora/Llama-2-7B-chat-hf_k200_r8_e5_lr1e4/results/smoke/merged_linear.json
tofu/Llama-2-7B-chat-hf_k200_r8_e5_lr1e4/results/smoke/remerge_dare_ties.json	8e498ca3947a67fc4e7b028f84a9c9f9c2c994ea41a61694ea9287f1c117b10f	708	/storage2/jack/checkpoints/tofu_sisa_lora/Llama-2-7B-chat-hf_k200_r8_e5_lr1e4/results/smoke/remerge_dare_ties.json
tofu/Llama-2-7B-chat-hf_k200_r8_e5_lr1e4/results/smoke/remerge_linear.json	ac2439ee29d7670d75f6e53e1c5e7c5985fa6986db79aac944edd20f56ab628d	697	/storage2/jack/checkpoints/tofu_sisa_lora/Llama-2-7B-chat-hf_k200_r8_e5_lr1e4/results/smoke/remerge_linear.json
tofu/Llama-2-7B-chat-hf_k200_r8_e5_lr1e4/results/smoke/routed_key_exact.json	bdbda941445e47950eba5faf771febe9042eb0f68e3ac6afe0ef8629bf0bd4c1	700	/storage2/jack/checkpoints/tofu_sisa_lora/Llama-2-7B-chat-hf_k200_r8_e5_lr1e4/results/smoke/routed_key_exact.json
tofu/Llama-2-7B-chat-hf_k200_r8_e5_lr1e4/results/smoke/routed_key_exact_no199.json	e815bc03f7e0965396d4b940cc8cdf825aac2223fbeba183b5d458de4b1cff69	714	/storage2/jack/checkpoints/tofu_sisa_lora/Llama-2-7B-chat-hf_k200_r8_e5_lr1e4/results/smoke/routed_key_exact_no199.json
tofu/Llama-2-7B-chat-hf_k200_r8_e5_lr1e4/results/smoke/shard_199_only.json	5bc1faca16e807ddc386ad9095dddf8c163cecaf221f5110fe09a35dd2ca468b	692	/storage2/jack/checkpoints/tofu_sisa_lora/Llama-2-7B-chat-hf_k200_r8_e5_lr1e4/results/smoke/shard_199_only.json
tofu/Llama-2-7B-chat-hf_k200_r8_e5_lr1e4/results/subtract_orth.json	22671fdb562822f5ef939ae328923de878016b1b8ea1cb469a206ecdccbb83a5	757	/storage2/jack/checkpoints/tofu_sisa_lora/Llama-2-7B-chat-hf_k200_r8_e5_lr1e4/results/subtract_orth.json
tofu/Llama-2-7B-chat-hf_k200_r8_e5_lr1e4/results/tree_root_slerp.json	236ee24ef7f84c86ec3256477e2d3904af3cf1a94364faf56722fc19b119f7c1	757	/storage2/jack/checkpoints/tofu_sisa_lora/Llama-2-7B-chat-hf_k200_r8_e5_lr1e4/results/tree_root_slerp.json
tofu/Llama-2-7B-chat-hf_k20_r32_e5_lr1e4/results/smoke/merged_dare_ties.json	0c81a7aa7bef5c22777df127a8ac92c36167c99d7f19b5a3c0d5c0ae41a081fe	705	/storage2/jack/checkpoints/tofu_sisa_lora/Llama-2-7B-chat-hf_k20_r32_e5_lr1e4/results/smoke/merged_dare_ties.json
tofu/Llama-2-7B-chat-hf_k20_r32_e5_lr1e4/results/smoke/merged_linear.json	54eafa6a172a8d136b69673f3f5455da7c519388450d59e8dd1cf6e8db5924b9	694	/storage2/jack/checkpoints/tofu_sisa_lora/Llama-2-7B-chat-hf_k20_r32_e5_lr1e4/results/smoke/merged_linear.json
tofu/Llama-2-7B-chat-hf_k20_r32_e5_lr1e4/results/smoke/remerge_dare_ties.json	82ec7fe1346fe84be6d98e60d0c35fef2870b07b8abe0d4e49480345ee00cff7	703	/storage2/jack/checkpoints/tofu_sisa_lora/Llama-2-7B-chat-hf_k20_r32_e5_lr1e4/results/smoke/remerge_dare_ties.json
tofu/Llama-2-7B-chat-hf_k20_r32_e5_lr1e4/results/smoke/remerge_linear.json	0901419389d4d2e9f1c79e90bcbafb1ebcad97d7de1ad70d9c0494e09a0f0a2e	695	/storage2/jack/checkpoints/tofu_sisa_lora/Llama-2-7B-chat-hf_k20_r32_e5_lr1e4/results/smoke/remerge_linear.json
tofu/Llama-2-7B-chat-hf_k20_r32_e5_lr1e4/results/smoke/routed_key_exact.json	075c3df6268c2fa0f341ccfa32b48032dc3c8d6e8d93b42f9a7dc38ac774f03a	750	/storage2/jack/checkpoints/tofu_sisa_lora/Llama-2-7B-chat-hf_k20_r32_e5_lr1e4/results/smoke/routed_key_exact.json
tofu/Llama-2-7B-chat-hf_k20_r32_e5_lr1e4/results/smoke/shard_19_only.json	d35964f8ddaea59a6a8156f8ccbf29bd08a8403939dbb654fbc82710adea85a8	686	/storage2/jack/checkpoints/tofu_sisa_lora/Llama-2-7B-chat-hf_k20_r32_e5_lr1e4/results/smoke/shard_19_only.json
tofu/Llama-2-7B-chat-hf_k4_r32_e5_lr1e4/results/smoke/generations/base_model.json	575915f8dddf6d05e1a67b83b9c9195cf1ab5642bce9165fa60d097ff655c196	7823	/storage2/jack/checkpoints/tofu_sisa_lora/Llama-2-7B-chat-hf_k4_r32_e5_lr1e4/results/smoke/generations/base_model.json
tofu/Llama-2-7B-chat-hf_k4_r32_e5_lr1e4/results/smoke/generations/merged_dare_ties.json	a94fae3acb7686b6dc6da8ea985d449609aaeb14333b39a1256eacc4409cbd06	8070	/storage2/jack/checkpoints/tofu_sisa_lora/Llama-2-7B-chat-hf_k4_r32_e5_lr1e4/results/smoke/generations/merged_dare_ties.json
tofu/Llama-2-7B-chat-hf_k4_r32_e5_lr1e4/results/smoke/generations/remerge_dare_ties.json	d89192a51ac886dec081a9f78788786a516206f75d835bba1b0a1e02bb760c1f	7549	/storage2/jack/checkpoints/tofu_sisa_lora/Llama-2-7B-chat-hf_k4_r32_e5_lr1e4/results/smoke/generations/remerge_dare_ties.json
tofu/Llama-2-7B-chat-hf_k4_r32_e5_lr1e4/results/smoke/generations/shard_3_only.json	d28a6e71247b023bd596ea28862f837a472ef768c4b8ef3351cf73f053952b37	7659	/storage2/jack/checkpoints/tofu_sisa_lora/Llama-2-7B-chat-hf_k4_r32_e5_lr1e4/results/smoke/generations/shard_3_only.json
tofu/Llama-2-7B-chat-hf_k4_r32_e5_lr1e4/results/smoke/merged_breadcrumbs.json	b78692882594f4fbc7e928bbca339331256820533bee4e44d9bcce4675b9bd47	710	/storage2/jack/checkpoints/tofu_sisa_lora/Llama-2-7B-chat-hf_k4_r32_e5_lr1e4/results/smoke/merged_breadcrumbs.json
tofu/Llama-2-7B-chat-hf_k4_r32_e5_lr1e4/results/smoke/merged_dare_ties.json	2d8b5ff05e008cf3dbf691d387fd0a5b236e749d984d4e6b4f470d92298092ce	698	/storage2/jack/checkpoints/tofu_sisa_lora/Llama-2-7B-chat-hf_k4_r32_e5_lr1e4/results/smoke/merged_dare_ties.json
tofu/Llama-2-7B-chat-hf_k4_r32_e5_lr1e4/results/smoke/merged_della_linear.json	0f4c9f14bd938548ff7b1a2641e7eacdb991fdaeff7b297cbb4f491b1cbfef35	704	/storage2/jack/checkpoints/tofu_sisa_lora/Llama-2-7B-chat-hf_k4_r32_e5_lr1e4/results/smoke/merged_della_linear.json
tofu/Llama-2-7B-chat-hf_k4_r32_e5_lr1e4/results/smoke/merged_della_ties.json	f95a3daa9c49fa1fbe47536625c9cea6a8f8df12310e6e07f3d32edeb0e7f1c2	707	/storage2/jack/checkpoints/tofu_sisa_lora/Llama-2-7B-chat-hf_k4_r32_e5_lr1e4/results/smoke/merged_della_ties.json
tofu/Llama-2-7B-chat-hf_k4_r32_e5_lr1e4/results/smoke/merged_fisher.json	734689fa061c5f28dbd1273e91dfb7d29f5551d019b253f6bc06634185881d31	698	/storage2/jack/checkpoints/tofu_sisa_lora/Llama-2-7B-chat-hf_k4_r32_e5_lr1e4/results/smoke/merged_fisher.json
tofu/Llama-2-7B-chat-hf_k4_r32_e5_lr1e4/results/smoke/merged_jd_diag.json	bf1beff27a2609e9e7ed439f29701090dfdaa16dbd69835a2e688f425cc3a245	699	/storage2/jack/checkpoints/tofu_sisa_lora/Llama-2-7B-chat-hf_k4_r32_e5_lr1e4/results/smoke/merged_jd_diag.json
tofu/Llama-2-7B-chat-hf_k4_r32_e5_lr1e4/results/smoke/merged_jd_full.json	a3089081d428b945a13c09195f295efba697ac294006ea43877d05491ef4932e	700	/storage2/jack/checkpoints/tofu_sisa_lora/Llama-2-7B-chat-hf_k4_r32_e5_lr1e4/results/smoke/merged_jd_full.json
tofu/Llama-2-7B-chat-hf_k4_r32_e5_lr1e4/results/smoke/merged_knots_ties.json	34d95b8c13b54610c08f05f57748dec0bc65ff5e7cba98c5334a1bf082d51922	703	/storage2/jack/checkpoints/tofu_sisa_lora/Llama-2-7B-chat-hf_k4_r32_e5_lr1e4/results/smoke/merged_knots_ties.json
tofu/Llama-2-7B-chat-hf_k4_r32_e5_lr1e4/results/smoke/merged_linear.json	b5161acdf947e7caaed4dcc7219983e19b1187aa245638451ad0ba05d13181e6	692	/storage2/jack/checkpoints/tofu_sisa_lora/Llama-2-7B-chat-hf_k4_r32_e5_lr1e4/results/smoke/merged_linear.json
tofu/Llama-2-7B-chat-hf_k4_r32_e5_lr1e4/results/smoke/merged_lorahub.json	421e374b456242cbf32ef2e9e5086ef2e10fc94168ec35565250adb167b286b8	695	/storage2/jack/checkpoints/tofu_sisa_lora/Llama-2-7B-chat-hf_k4_r32_e5_lr1e4/results/smoke/merged_lorahub.json
tofu/Llama-2-7B-chat-hf_k4_r32_e5_lr1e4/results/smoke/remerge_breadcrumbs.json	779caf4eb7d7deceec0d10597e4f713b977b866fcf2d12bfe8366f88a71d9ddc	707	/storage2/jack/checkpoints/tofu_sisa_lora/Llama-2-7B-chat-hf_k4_r32_e5_lr1e4/results/smoke/remerge_breadcrumbs.json
tofu/Llama-2-7B-chat-hf_k4_r32_e5_lr1e4/results/smoke/remerge_dare_ties.json	b79f672038cae39baf5149b8f32c8875f435ba5d4635bffbd5576528a67952af	699	/storage2/jack/checkpoints/tofu_sisa_lora/Llama-2-7B-chat-hf_k4_r32_e5_lr1e4/results/smoke/remerge_dare_ties.json
tofu/Llama-2-7B-chat-hf_k4_r32_e5_lr1e4/results/smoke/remerge_della_linear.json	fb8f177e9ab30f695fdd8a4f74fc63b22866fd7550f33b920a6838019a2df569	709	/storage2/jack/checkpoints/tofu_sisa_lora/Llama-2-7B-chat-hf_k4_r32_e5_lr1e4/results/smoke/remerge_della_linear.json
tofu/Llama-2-7B-chat-hf_k4_r32_e5_lr1e4/results/smoke/remerge_della_ties.json	620e1689e4aaec7054881ddf7058da162ddf15cac5136bac61ad57c90bd59d1f	708	/storage2/jack/checkpoints/tofu_sisa_lora/Llama-2-7B-chat-hf_k4_r32_e5_lr1e4/results/smoke/remerge_della_ties.json
tofu/Llama-2-7B-chat-hf_k4_r32_e5_lr1e4/results/smoke/remerge_fisher.json	b3f7488c21875d4a4ed4df141edc7569b508961ef20c8fe60a2943929881a9fc	698	/storage2/jack/checkpoints/tofu_sisa_lora/Llama-2-7B-chat-hf_k4_r32_e5_lr1e4/results/smoke/remerge_fisher.json
tofu/Llama-2-7B-chat-hf_k4_r32_e5_lr1e4/results/smoke/remerge_jd_diag.json	ebdcc9ed3e1e4a2429db28048b78775cd1bf1f271402a15af9b8644c119e1f24	696	/storage2/jack/checkpoints/tofu_sisa_lora/Llama-2-7B-chat-hf_k4_r32_e5_lr1e4/results/smoke/remerge_jd_diag.json
tofu/Llama-2-7B-chat-hf_k4_r32_e5_lr1e4/results/smoke/remerge_jd_full.json	703a4570e39c8066b01e72ec1d7e2a57725e3dac286f79511fa0f738b6459bba	694	/storage2/jack/checkpoints/tofu_sisa_lora/Llama-2-7B-chat-hf_k4_r32_e5_lr1e4/results/smoke/remerge_jd_full.json
tofu/Llama-2-7B-chat-hf_k4_r32_e5_lr1e4/results/smoke/remerge_knots_ties.json	981136839c89d14c633a722a776c71d91941df59ba15576c1f21b74f4fa21b5c	704	/storage2/jack/checkpoints/tofu_sisa_lora/Llama-2-7B-chat-hf_k4_r32_e5_lr1e4/results/smoke/remerge_knots_ties.json
tofu/Llama-2-7B-chat-hf_k4_r32_e5_lr1e4/results/smoke/remerge_linear.json	d76645a8157d8c48769698edcb60812ce159fd4e0a24bed502b7dbdbe6090fe2	698	/storage2/jack/checkpoints/tofu_sisa_lora/Llama-2-7B-chat-hf_k4_r32_e5_lr1e4/results/smoke/remerge_linear.json
tofu/Llama-2-7B-chat-hf_k4_r32_e5_lr1e4/results/smoke/remerge_lorahub.json	71bf6b75d5b7e144e46d323a703d1e4da56df116b16790921559d78fcd0c5c49	698	/storage2/jack/checkpoints/tofu_sisa_lora/Llama-2-7B-chat-hf_k4_r32_e5_lr1e4/results/smoke/remerge_lorahub.json
tofu/Llama-2-7B-chat-hf_k4_r32_e5_lr1e4/results/smoke/routed_key_exact.json	5282960bdd08204a23d64f5b98191a6ce466068c50727a7af21d5fe7a15e3f0c	750	/storage2/jack/checkpoints/tofu_sisa_lora/Llama-2-7B-chat-hf_k4_r32_e5_lr1e4/results/smoke/routed_key_exact.json
tofu/Llama-2-7B-chat-hf_k4_r32_e5_lr1e4/results/smoke/shard_3_only.json	e3a2156d6317b983dd57a70883d3d2494236b77e009dc265191af8cfce9dfd78	689	/storage2/jack/checkpoints/tofu_sisa_lora/Llama-2-7B-chat-hf_k4_r32_e5_lr1e4/results/smoke/shard_3_only.json
tofu/Llama-2-7B-chat-hf_k4_r32_e5_lr1e4/results/smoke/subtract_orth.json	2ba5d43480bbccc078272067d22b45639f5f4f932039c57ad75edb0d9ca1616a	703	/storage2/jack/checkpoints/tofu_sisa_lora/Llama-2-7B-chat-hf_k4_r32_e5_lr1e4/results/smoke/subtract_orth.json
tofu/Llama-2-7B-chat-hf_k50_r32_e5_lr1e4/results/router_leak/rl_family_k50_7b.centroid_lm.npz	9041a7fb163591b5bfaa77a544d5aedd02ad4199a9603a455067499c19021c95	793413	/storage2/jack/checkpoints/tofu_sisa_lora/Llama-2-7B-chat-hf_k50_r32_e5_lr1e4/results/router_leak/rl_family_k50_7b.centroid_lm.npz
tofu/Llama-2-7B-chat-hf_k50_r32_e5_lr1e4/results/router_leak/rl_family_k50_7b.centroid_sbert.npz	ead9e7595e4d8bb83a1db089a8e20b7d27e945c0748299454384dee28a1a7d2c	807372	/storage2/jack/checkpoints/tofu_sisa_lora/Llama-2-7B-chat-hf_k50_r32_e5_lr1e4/results/router_leak/rl_family_k50_7b.centroid_sbert.npz
tofu/Llama-2-7B-chat-hf_k50_r32_e5_lr1e4/results/router_leak/rl_family_k50_7b.json	c7bf3b57c04daa2a2a45ba640b5dfb6fa419fa5ddfe47a487c7e9b6cb80787ef	11971	/storage2/jack/checkpoints/tofu_sisa_lora/Llama-2-7B-chat-hf_k50_r32_e5_lr1e4/results/router_leak/rl_family_k50_7b.json
tofu/Llama-2-7B-chat-hf_k50_r32_e5_lr1e4/results/router_leak/rl_family_k50_7b.key_exact.npz	2f0b5b412375aae126cd224b5fb97d6af7b914b5ddd780e2593ad9f5e67d4147	2843	/storage2/jack/checkpoints/tofu_sisa_lora/Llama-2-7B-chat-hf_k50_r32_e5_lr1e4/results/router_leak/rl_family_k50_7b.key_exact.npz
tofu/Llama-2-7B-chat-hf_k50_r32_e5_lr1e4/results/router_leak/rl_family_k50_7b.key_tfidf.npz	3a19e05c65ff85140002f6be08025e7d02ea31c2f031a13ee372d2eab9f27676	807034	/storage2/jack/checkpoints/tofu_sisa_lora/Llama-2-7B-chat-hf_k50_r32_e5_lr1e4/results/router_leak/rl_family_k50_7b.key_tfidf.npz
tofu/Llama-2-7B-chat-hf_k50_r32_e5_lr1e4/results/smoke/merged_dare_ties.json	ade3b0fa9a94b38e5315f5dfcbfc917bb55057df5c01bd6c09122d112ae95ff1	702	/storage2/jack/checkpoints/tofu_sisa_lora/Llama-2-7B-chat-hf_k50_r32_e5_lr1e4/results/smoke/merged_dare_ties.json
tofu/Llama-2-7B-chat-hf_k50_r32_e5_lr1e4/results/smoke/merged_jd_diag.json	819df0649a35e747e47935502adcf9dd761513866729c154fdb3a79306d8cd11	700	/storage2/jack/checkpoints/tofu_sisa_lora/Llama-2-7B-chat-hf_k50_r32_e5_lr1e4/results/smoke/merged_jd_diag.json
tofu/Llama-2-7B-chat-hf_k50_r32_e5_lr1e4/results/smoke/merged_jd_full.json	bdc33d75252aa6750a24bf6a6aaea92bdab5dff8f9cb9dcec1643cd91b0a8ebc	699	/storage2/jack/checkpoints/tofu_sisa_lora/Llama-2-7B-chat-hf_k50_r32_e5_lr1e4/results/smoke/merged_jd_full.json
tofu/Llama-2-7B-chat-hf_k50_r32_e5_lr1e4/results/smoke/merged_linear.json	b29ba6f50756f8993331036185bb0ca72c55aa6280d46aab0be3f19bc60b0f67	700	/storage2/jack/checkpoints/tofu_sisa_lora/Llama-2-7B-chat-hf_k50_r32_e5_lr1e4/results/smoke/merged_linear.json
tofu/Llama-2-7B-chat-hf_k50_r32_e5_lr1e4/results/smoke/remerge_dare_ties.json	37b3cfa8b15bfa887397e7ee1ec35dde8027aa0334d1b8cb3a77758699c0b7cd	704	/storage2/jack/checkpoints/tofu_sisa_lora/Llama-2-7B-chat-hf_k50_r32_e5_lr1e4/results/smoke/remerge_dare_ties.json
tofu/Llama-2-7B-chat-hf_k50_r32_e5_lr1e4/results/smoke/remerge_jd_diag.json	855ad924693e6cd542dcf05d2abfc6b73f2f4d5816636ace76ba8aa6e0365bc4	700	/storage2/jack/checkpoints/tofu_sisa_lora/Llama-2-7B-chat-hf_k50_r32_e5_lr1e4/results/smoke/remerge_jd_diag.json
tofu/Llama-2-7B-chat-hf_k50_r32_e5_lr1e4/results/smoke/remerge_jd_full.json	cfa5dc1f20f3ed94017fae777988fe3ab44631f4025c605fc4b809c853313b89	702	/storage2/jack/checkpoints/tofu_sisa_lora/Llama-2-7B-chat-hf_k50_r32_e5_lr1e4/results/smoke/remerge_jd_full.json
tofu/Llama-2-7B-chat-hf_k50_r32_e5_lr1e4/results/smoke/remerge_linear.json	84121d8346bccb7349b0edde1adbc03aefe2a7b4e8e54082508d1a2c0ab7fe04	703	/storage2/jack/checkpoints/tofu_sisa_lora/Llama-2-7B-chat-hf_k50_r32_e5_lr1e4/results/smoke/remerge_linear.json
tofu/Llama-2-7B-chat-hf_k50_r32_e5_lr1e4/results/smoke/routed_key_exact.json	0d97e44effe3621dd49f6ebd28794b8c683e67ea8a43601610c6a71e66344e2c	702	/storage2/jack/checkpoints/tofu_sisa_lora/Llama-2-7B-chat-hf_k50_r32_e5_lr1e4/results/smoke/routed_key_exact.json
tofu/Llama-2-7B-chat-hf_k50_r32_e5_lr1e4/results/smoke/routed_key_exact_no49.json	7c3e1561b75c06f73fdde81c946398717fddcc7e05e820bc9ec68b4072b2ea2d	713	/storage2/jack/checkpoints/tofu_sisa_lora/Llama-2-7B-chat-hf_k50_r32_e5_lr1e4/results/smoke/routed_key_exact_no49.json
tofu/Llama-2-7B-chat-hf_k50_r32_e5_lr1e4/results/smoke/shard_49_only.json	f7595031e9cd8998cd3dd858e262cb1b5f3cf804fd911ad03031329054cf2875	689	/storage2/jack/checkpoints/tofu_sisa_lora/Llama-2-7B-chat-hf_k50_r32_e5_lr1e4/results/smoke/shard_49_only.json
tofu/Llama-2-7B-chat-hf_legonet_n32_k3/results/smoke/legonet_full.json	bab55617cbc5a6b96692a006c673672f2b3e33883067f7099eef880c72c6e41e	695	/storage2/jack/checkpoints/tofu_sisa_lora/Llama-2-7B-chat-hf_legonet_n32_k3/results/smoke/legonet_full.json
tofu/Llama-2-7B-chat-hf_legonet_n32_k3/results/smoke/legonet_unlearn.json	a7a539796b1a5211120406b13c279cffc1def664757ee169587d47baba353d6d	697	/storage2/jack/checkpoints/tofu_sisa_lora/Llama-2-7B-chat-hf_legonet_n32_k3/results/smoke/legonet_unlearn.json
tofu/Llama-3.2-1B-Instruct/results/extended/routed_scaffold_ood.json	4fef092641c3572e14de8e8ffd44593273730ffef12494bc2ea9a1ce30721d4f	704	/storage2/jack/checkpoints/tofu_sisa_lora/Llama-3.2-1B-Instruct/results/extended/routed_scaffold_ood.json
tofu/Llama-3.2-1B-Instruct/results/router_leak/rl_family_k10_1b_plain_behavioral.activation_norm.npz	65cd8e6512acea4834a46d13e0202d6582090fea622f0ec38647f02820c50ed6	28436	/storage2/jack/checkpoints/tofu_sisa_lora/Llama-3.2-1B-Instruct/results/router_leak/rl_family_k10_1b_plain_behavioral.activation_norm.npz
tofu/Llama-3.2-1B-Instruct/results/router_leak/rl_family_k10_1b_plain_behavioral.attn_norm.npz	d63780c8c3712eefb7be1edba4ef397c3d84d24abd204220c5d671e534b25a05	28496	/storage2/jack/checkpoints/tofu_sisa_lora/Llama-3.2-1B-Instruct/results/router_leak/rl_family_k10_1b_plain_behavioral.attn_norm.npz
tofu/Llama-3.2-1B-Instruct/results/router_leak/rl_family_k10_1b_plain_behavioral.json	83558a0d84392f919a7d9788b17c9a4e851c0af0834940bb3804d25c7eaed337	18660	/storage2/jack/checkpoints/tofu_sisa_lora/Llama-3.2-1B-Instruct/results/router_leak/rl_family_k10_1b_plain_behavioral.json
tofu/Llama-3.2-1B-Instruct/results/router_leak/rl_family_k10_1b_plain_behavioral.logit_div.npz	1bc550df3d10c97e0967e341f8b16408c02b5385fca0011dee5aa1990b6cbd57	95068	/storage2/jack/checkpoints/tofu_sisa_lora/Llama-3.2-1B-Instruct/results/router_leak/rl_family_k10_1b_plain_behavioral.logit_div.npz
tofu/Llama-3.2-1B-Instruct/results/router_leak/rl_family_k10_1b_plain_behavioral.ppl.npz	841acb9ffb98b6e9aa468892d9bda13ddc29b75be3f8f594a857910ce743335c	29081	/storage2/jack/checkpoints/tofu_sisa_lora/Llama-3.2-1B-Instruct/results/router_leak/rl_family_k10_1b_plain_behavioral.ppl.npz
tofu/Llama-3.2-1B-Instruct/results/router_leak/rl_family_k10_1b_plain_feature.centroid_lm.npz	17aeb56cb993b5caec0c7ee5aa1e9abbcbc01c55424cbd1cc3a30b352567fe08	1174383	/storage2/jack/checkpoints/tofu_sisa_lora/Llama-3.2-1B-Instruct/results/router_leak/rl_family_k10_1b_plain_feature.centroid_lm.npz
tofu/Llama-3.2-1B-Instruct/results/router_leak/rl_family_k10_1b_plain_feature.centroid_lm_last.npz	e93f237225cd2a06295a789d6a96177a52504eb271d11c3db6d991977d0db7e9	1186567	/storage2/jack/checkpoints/tofu_sisa_lora/Llama-3.2-1B-Instruct/results/router_leak/rl_family_k10_1b_plain_feature.centroid_lm_last.npz
tofu/Llama-3.2-1B-Instruct/results/router_leak/rl_family_k10_1b_plain_feature.centroid_sbert.npz	384eff14a462576c56df5e8c3c2a830cb4a44179695f40f5c8d36d97a7f93842	1245154	/storage2/jack/checkpoints/tofu_sisa_lora/Llama-3.2-1B-Instruct/results/router_leak/rl_family_k10_1b_plain_feature.centroid_sbert.npz
tofu/Llama-3.2-1B-Instruct/results/router_leak/rl_family_k10_1b_plain_feature.centroid_sbert_q.npz	5b00ec221093654670001f9ce7cdd5ca4b5762cdcede05f62e22220e0f743968	1244485	/storage2/jack/checkpoints/tofu_sisa_lora/Llama-3.2-1B-Instruct/results/router_leak/rl_family_k10_1b_plain_feature.centroid_sbert_q.npz
tofu/Llama-3.2-1B-Instruct/results/router_leak/rl_family_k10_1b_plain_feature.json	fbdb3ff63d4985ded1dc7dc9655403b8afb60375660597676a9516c5d52ede1d	20629	/storage2/jack/checkpoints/tofu_sisa_lora/Llama-3.2-1B-Instruct/results/router_leak/rl_family_k10_1b_plain_feature.json
tofu/Llama-3.2-1B-Instruct/results/router_leak/rl_family_k10_1b_plain_feature.key_exact.npz	5d4e46dfb3f2bb1c4d3a404090975aa5159322fa334425e659dad71214b4eb99	2264	/storage2/jack/checkpoints/tofu_sisa_lora/Llama-3.2-1B-Instruct/results/router_leak/rl_family_k10_1b_plain_feature.key_exact.npz
tofu/Llama-3.2-1B-Instruct/results/router_leak/rl_family_k10_1b_plain_feature.key_tfidf.npz	4541b684b872a1ef2f92cf9f8c28a6331c21806716430d3afd154d5b30b926a9	1275279	/storage2/jack/checkpoints/tofu_sisa_lora/Llama-3.2-1B-Instruct/results/router_leak/rl_family_k10_1b_plain_feature.key_tfidf.npz
tofu/Llama-3.2-1B-Instruct/results/smoke/_pre_oufix/base_model.json	b9ed763e2280bda4bfac1d1e7c2bf5feab18da40889638b92563e7651276e7c9	620	/storage2/jack/checkpoints/tofu_sisa_lora/Llama-3.2-1B-Instruct/results/smoke/_pre_oufix/base_model.json
tofu/Llama-3.2-1B-Instruct/results/smoke/_pre_oufix/merged_cat.json	49c4b60b9781173486b7df563a4c0219b965b5eb375724ff3ceb12cadeebe665	613	/storage2/jack/checkpoints/tofu_sisa_lora/Llama-3.2-1B-Instruct/results/smoke/_pre_oufix/merged_cat.json
tofu/Llama-3.2-1B-Instruct/results/smoke/_pre_oufix/merged_dare_linear.json	74775b0d45a6038e6368fa361af826e7744b53384655a58a7bd6e9b16a4ece6b	638	/storage2/jack/checkpoints/tofu_sisa_lora/Llama-3.2-1B-Instruct/results/smoke/_pre_oufix/merged_dare_linear.json
tofu/Llama-3.2-1B-Instruct/results/smoke/_pre_oufix/merged_dare_ties.json	f504e18ac1e838b0685f7e0f5745ec7da4fa28bb8d7d421972e70b709afd52e1	635	/storage2/jack/checkpoints/tofu_sisa_lora/Llama-3.2-1B-Instruct/results/smoke/_pre_oufix/merged_dare_ties.json
tofu/Llama-3.2-1B-Instruct/results/smoke/_pre_oufix/merged_linear.json	6e4f513715e2afaa173a35f692d025ea72bf4bbd658d3c7bb5668478b868c1f1	636	/storage2/jack/checkpoints/tofu_sisa_lora/Llama-3.2-1B-Instruct/results/smoke/_pre_oufix/merged_linear.json
tofu/Llama-3.2-1B-Instruct/results/smoke/_pre_oufix/merged_magnitude_prune.json	3c468d7b68e25126a6f20761a4b627f366ebefc10783e72332aad3df0f5307a4	655	/storage2/jack/checkpoints/tofu_sisa_lora/Llama-3.2-1B-Instruct/results/smoke/_pre_oufix/merged_magnitude_prune.json
tofu/Llama-3.2-1B-Instruct/results/smoke/_pre_oufix/merged_ties.json	fb735e9670a662f823c2f96aa037767fa4ca1bd98acae513c3ae00565bf4f742	624	/storage2/jack/checkpoints/tofu_sisa_lora/Llama-3.2-1B-Instruct/results/smoke/_pre_oufix/merged_ties.json
tofu/Llama-3.2-1B-Instruct/results/smoke/_pre_oufix/remerge_cat.json	88d9eb2f157c5f2dead305fa0482756f691e6806234339af338b4d71024df32f	617	/storage2/jack/checkpoints/tofu_sisa_lora/Llama-3.2-1B-Instruct/results/smoke/_pre_oufix/remerge_cat.json
tofu/Llama-3.2-1B-Instruct/results/smoke/_pre_oufix/remerge_dare_linear.json	81823a320024ca1f1487f27458b178515089378b75d4e053fe009d1d835a45e2	640	/storage2/jack/checkpoints/tofu_sisa_lora/Llama-3.2-1B-Instruct/results/smoke/_pre_oufix/remerge_dare_linear.json
tofu/Llama-3.2-1B-Instruct/results/smoke/_pre_oufix/remerge_dare_ties.json	017dfe0693e402db21fee2c33ad727cf6a40719040622f4034855f6fa85e8372	636	/storage2/jack/checkpoints/tofu_sisa_lora/Llama-3.2-1B-Instruct/results/smoke/_pre_oufix/remerge_dare_ties.json
tofu/Llama-3.2-1B-Instruct/results/smoke/_pre_oufix/remerge_linear.json	305f66e34659f6223d4efbc28471431ab9490c37d5305c82315b05ea687b70ca	639	/storage2/jack/checkpoints/tofu_sisa_lora/Llama-3.2-1B-Instruct/results/smoke/_pre_oufix/remerge_linear.json
tofu/Llama-3.2-1B-Instruct/results/smoke/_pre_oufix/remerge_magnitude_prune.json	d7ba8cc339b1225d30ac7d32242824e6b772eb44f927261c0b36ddf19d7b9df4	651	/storage2/jack/checkpoints/tofu_sisa_lora/Llama-3.2-1B-Instruct/results/smoke/_pre_oufix/remerge_magnitude_prune.json
tofu/Llama-3.2-1B-Instruct/results/smoke/_pre_oufix/remerge_ties.json	da166190eeb803dfd242c7f717f87fca6d2aaeeaba6474335fa97ffdac8fb61b	625	/storage2/jack/checkpoints/tofu_sisa_lora/Llama-3.2-1B-Instruct/results/smoke/_pre_oufix/remerge_ties.json
tofu/Llama-3.2-1B-Instruct/results/smoke/_pre_oufix/shard_0_only.json	40dd0c455ceab6baddf76f6b9c16ea26f1966b4dd9d2b22c3f4532b0d720bd2c	621	/storage2/jack/checkpoints/tofu_sisa_lora/Llama-3.2-1B-Instruct/results/smoke/_pre_oufix/shard_0_only.json
tofu/Llama-3.2-1B-Instruct/results/smoke/_pre_oufix/shard_1_only.json	91dfe5a9d1bdc47ac65f79487bb47f40352c23c3935639128684b7a55dd7673a	622	/storage2/jack/checkpoints/tofu_sisa_lora/Llama-3.2-1B-Instruct/results/smoke/_pre_oufix/shard_1_only.json
tofu/Llama-3.2-1B-Instruct/results/smoke/_pre_oufix/shard_2_only.json	0c9bba591438b64d064d29244a9a9291333027c358aa3ece9ba861ba55326bf8	621	/storage2/jack/checkpoints/tofu_sisa_lora/Llama-3.2-1B-Instruct/results/smoke/_pre_oufix/shard_2_only.json
tofu/Llama-3.2-1B-Instruct/results/smoke/_pre_oufix/shard_3_only.json	08334318e947314180873b697c43e6c93415f2b7cc339f8a128d4a2507b6f9c4	621	/storage2/jack/checkpoints/tofu_sisa_lora/Llama-3.2-1B-Instruct/results/smoke/_pre_oufix/shard_3_only.json
tofu/Llama-3.2-1B-Instruct/results/smoke/_pre_oufix/shard_4_only.json	4191267a1fbca96c54c15067173ebc957137e3b69c7c3199143636e89a619bf8	622	/storage2/jack/checkpoints/tofu_sisa_lora/Llama-3.2-1B-Instruct/results/smoke/_pre_oufix/shard_4_only.json
tofu/Llama-3.2-1B-Instruct/results/smoke/_pre_oufix/shard_5_only.json	942c56a2cfd8353bc72f278092a0a4dbc14637d5d1d91ec8706d73872ed49942	622	/storage2/jack/checkpoints/tofu_sisa_lora/Llama-3.2-1B-Instruct/results/smoke/_pre_oufix/shard_5_only.json
tofu/Llama-3.2-1B-Instruct/results/smoke/_pre_oufix/shard_6_only.json	7fb18cec8f924601b96a429cd7c1d70bf52cb79dbda75c49fc795228b69624ff	624	/storage2/jack/checkpoints/tofu_sisa_lora/Llama-3.2-1B-Instruct/results/smoke/_pre_oufix/shard_6_only.json
tofu/Llama-3.2-1B-Instruct/results/smoke/_pre_oufix/shard_7_only.json	e88deee126b40855ac4fed9b4b23485abec5f6698b9351a8f3963dd8d773eefa	621	/storage2/jack/checkpoints/tofu_sisa_lora/Llama-3.2-1B-Instruct/results/smoke/_pre_oufix/shard_7_only.json
tofu/Llama-3.2-1B-Instruct/results/smoke/_pre_oufix/shard_8_only.json	10e64170103c3ff7989e8e6470ff981765495082b60c4ca5ee0999300dcb55a6	622	/storage2/jack/checkpoints/tofu_sisa_lora/Llama-3.2-1B-Instruct/results/smoke/_pre_oufix/shard_8_only.json
tofu/Llama-3.2-1B-Instruct/results/smoke/_pre_oufix/shard_9_only.json	0b9c8e4ab3264f30d1e214572b57db2a506711117f38f09d3c2586886ffb9c57	623	/storage2/jack/checkpoints/tofu_sisa_lora/Llama-3.2-1B-Instruct/results/smoke/_pre_oufix/shard_9_only.json
tofu/Llama-3.2-1B-Instruct/results/smoke/_pre_oufix/subtract_linear.json	43c984fbf6166dff495162b2f5bd360c7d480d794299739354f2fbae48a728b9	621	/storage2/jack/checkpoints/tofu_sisa_lora/Llama-3.2-1B-Instruct/results/smoke/_pre_oufix/subtract_linear.json
tofu/Llama-3.2-1B-Instruct/results/smoke/_pre_oufix/tree_remerge_cat.json	3e5ad425cc73cddecce7d31168f10ff08dc0e96eb6260a273cc7e2a0c8790be6	629	/storage2/jack/checkpoints/tofu_sisa_lora/Llama-3.2-1B-Instruct/results/smoke/_pre_oufix/tree_remerge_cat.json
tofu/Llama-3.2-1B-Instruct/results/smoke/_pre_oufix/tree_remerge_dare_linear.json	004d90f020095d808b1ea3cac74e07a8c1859fb4b6eaf399b955cc1a2695bc8f	663	/storage2/jack/checkpoints/tofu_sisa_lora/Llama-3.2-1B-Instruct/results/smoke/_pre_oufix/tree_remerge_dare_linear.json
tofu/Llama-3.2-1B-Instruct/results/smoke/_pre_oufix/tree_remerge_dare_ties.json	f45e05466ea03b227c23374be19dd4b59609e080f1b0dedad0aa58ab4b049fae	655	/storage2/jack/checkpoints/tofu_sisa_lora/Llama-3.2-1B-Instruct/results/smoke/_pre_oufix/tree_remerge_dare_ties.json
tofu/Llama-3.2-1B-Instruct/results/smoke/_pre_oufix/tree_remerge_linear.json	bc2c302c65d8f9e047acf9a285811f7de0ce65b95f0a65c4dc7be03569160471	631	/storage2/jack/checkpoints/tofu_sisa_lora/Llama-3.2-1B-Instruct/results/smoke/_pre_oufix/tree_remerge_linear.json
tofu/Llama-3.2-1B-Instruct/results/smoke/_pre_oufix/tree_remerge_magnitude_prune.json	f7fb762e3f20c44ef0503981c7636444eb83105ddb20938c0ef1dd099a23fab4	654	/storage2/jack/checkpoints/tofu_sisa_lora/Llama-3.2-1B-Instruct/results/smoke/_pre_oufix/tree_remerge_magnitude_prune.json
tofu/Llama-3.2-1B-Instruct/results/smoke/_pre_oufix/tree_remerge_ties.json	c8caae2351eac3c207f476849b3bb0c6ac5a0e31b0d8235221d2d6faacd62f54	648	/storage2/jack/checkpoints/tofu_sisa_lora/Llama-3.2-1B-Instruct/results/smoke/_pre_oufix/tree_remerge_ties.json
tofu/Llama-3.2-1B-Instruct/results/smoke/_pre_oufix/tree_root_cat.json	84f07a9f2efaa4ecfe017673f9b5e7361706cfc2c51a07b85b1aa98cae11789e	615	/storage2/jack/checkpoints/tofu_sisa_lora/Llama-3.2-1B-Instruct/results/smoke/_pre_oufix/tree_root_cat.json
tofu/Llama-3.2-1B-Instruct/results/smoke/_pre_oufix/tree_root_dare_linear.json	500e0d9ed515d14500c429930fee68d397b9b12f6f41bea61e54436f2dcf611b	648	/storage2/jack/checkpoints/tofu_sisa_lora/Llama-3.2-1B-Instruct/results/smoke/_pre_oufix/tree_root_dare_linear.json
tofu/Llama-3.2-1B-Instruct/results/smoke/_pre_oufix/tree_root_dare_ties.json	9cca621752c33625a1a5963505c6d53d7cfc91680624f9d8e1875c6d54b90b7b	643	/storage2/jack/checkpoints/tofu_sisa_lora/Llama-3.2-1B-Instruct/results/smoke/_pre_oufix/tree_root_dare_ties.json
tofu/Llama-3.2-1B-Instruct/results/smoke/_pre_oufix/tree_root_linear.json	7fe62b2c420a5bb42464a386b4af5df7ba997014d02487f41483a6a23bed51e2	627	/storage2/jack/checkpoints/tofu_sisa_lora/Llama-3.2-1B-Instruct/results/smoke/_pre_oufix/tree_root_linear.json
tofu/Llama-3.2-1B-Instruct/results/smoke/_pre_oufix/tree_root_magnitude_prune.json	f5c7908c48699a623c2dcbcda55db5aacb8cea1707daf9bc48cbd0c3806d47cf	641	/storage2/jack/checkpoints/tofu_sisa_lora/Llama-3.2-1B-Instruct/results/smoke/_pre_oufix/tree_root_magnitude_prune.json
tofu/Llama-3.2-1B-Instruct/results/smoke/_pre_oufix/tree_root_ties.json	fb879f8eefb8f985b10ca36c8a8d7074af3e37f14e3f677f21392076d536d10d	634	/storage2/jack/checkpoints/tofu_sisa_lora/Llama-3.2-1B-Instruct/results/smoke/_pre_oufix/tree_root_ties.json
tofu/Llama-3.2-1B-Instruct/results/smoke/base_model.json	9af6ec8c57628f5307727dffff2b2b5b6fda7e606c37e958f3faae4b0fc77dff	691	/storage2/jack/checkpoints/tofu_sisa_lora/Llama-3.2-1B-Instruct/results/smoke/base_model.json
tofu/Llama-3.2-1B-Instruct/results/smoke/ft_all.json	318b9f41458cb1a5276259eaf72432ebad2cf671564015f7ee8b537b1cdba220	712	/storage2/jack/checkpoints/tofu_sisa_lora/Llama-3.2-1B-Instruct/results/smoke/ft_all.json
tofu/Llama-3.2-1B-Instruct/results/smoke/ft_strong_scaf.json	d64ec1b7fadcc49eb56106232f31695ddc1d56ca5998416604c2775dae371323	772	/storage2/jack/checkpoints/tofu_sisa_lora/Llama-3.2-1B-Instruct/results/smoke/ft_strong_scaf.json
tofu/Llama-3.2-1B-Instruct/results/smoke/merged_additive_mean.json	4ea1e19861596db2839aebba36004cb113296afa8470685d93b9e61eeec1c586	764	/storage2/jack/checkpoints/tofu_sisa_lora/Llama-3.2-1B-Instruct/results/smoke/merged_additive_mean.json
tofu/Llama-3.2-1B-Instruct/results/smoke/merged_additive_s0.05.json	9425e7636cbd50cafd008de777341da77bcc554136f19b0a459cbec6ca060dcc	738	/storage2/jack/checkpoints/tofu_sisa_lora/Llama-3.2-1B-Instruct/results/smoke/merged_additive_s0.05.json
tofu/Llama-3.2-1B-Instruct/results/smoke/merged_additive_s0.1.json	aaee4537ab8ce1ea3fed95b690247feb9e4f13e9908ed455e0a55f062581ed60	735	/storage2/jack/checkpoints/tofu_sisa_lora/Llama-3.2-1B-Instruct/results/smoke/merged_additive_s0.1.json
tofu/Llama-3.2-1B-Instruct/results/smoke/merged_additive_s0.15.json	d46d5bd6b84d00839c9807c9674530f091200eadc034ba049c9be6c217a03b56	741	/storage2/jack/checkpoints/tofu_sisa_lora/Llama-3.2-1B-Instruct/results/smoke/merged_additive_s0.15.json
tofu/Llama-3.2-1B-Instruct/results/smoke/merged_additive_s0.1__own0.json	341c83fe50cf82edf0338c5227067ccf0391698da3ddb7913a207ece96e71376	731	/storage2/jack/checkpoints/tofu_sisa_lora/Llama-3.2-1B-Instruct/results/smoke/merged_additive_s0.1__own0.json
tofu/Llama-3.2-1B-Instruct/results/smoke/merged_additive_s0.1__own1.json	d6cf5e383f75de4aaea176c0b72f15127e0bbccb46f70b1e56fa7db44d4764ef	732	/storage2/jack/checkpoints/tofu_sisa_lora/Llama-3.2-1B-Instruct/results/smoke/merged_additive_s0.1__own1.json
tofu/Llama-3.2-1B-Instruct/results/smoke/merged_additive_s0.1__own2.json	681786fcb1d7fce2beecda1a732c480e4fb1b282dcfa898374987800d6adc897	724	/storage2/jack/checkpoints/tofu_sisa_lora/Llama-3.2-1B-Instruct/results/smoke/merged_additive_s0.1__own2.json
tofu/Llama-3.2-1B-Instruct/results/smoke/merged_additive_s0.1__own3.json	a85f36584cfb3502dc3f935e4e8614c91916edc51b165ce30b0cf86eecdb74b5	722	/storage2/jack/checkpoints/tofu_sisa_lora/Llama-3.2-1B-Instruct/results/smoke/merged_additive_s0.1__own3.json
tofu/Llama-3.2-1B-Instruct/results/smoke/merged_additive_s0.1__own4.json	e10bc00c7fedec4f4d8f37bc268938405552c29e467d1f3d542d3226c09bbe13	724	/storage2/jack/checkpoints/tofu_sisa_lora/Llama-3.2-1B-Instruct/results/smoke/merged_additive_s0.1__own4.json
tofu/Llama-3.2-1B-Instruct/results/smoke/merged_additive_s0.1__own5.json	1344799864e89ea4916b3cf92b73c0dd93b2ac26a09fffd238e388fb0bf07df5	723	/storage2/jack/checkpoints/tofu_sisa_lora/Llama-3.2-1B-Instruct/results/smoke/merged_additive_s0.1__own5.json
tofu/Llama-3.2-1B-Instruct/results/smoke/merged_additive_s0.1__own6.json	9494b95ef5bbc7da45c003c65e2fb7641fc0e0e696b0387240950d465afd598a	723	/storage2/jack/checkpoints/tofu_sisa_lora/Llama-3.2-1B-Instruct/results/smoke/merged_additive_s0.1__own6.json
tofu/Llama-3.2-1B-Instruct/results/smoke/merged_additive_s0.1__own7.json	585d03ef8749de4d2f5351f2f86d4ab090d25f5b276218ea931dc626783b7a4c	724	/storage2/jack/checkpoints/tofu_sisa_lora/Llama-3.2-1B-Instruct/results/smoke/merged_additive_s0.1__own7.json
tofu/Llama-3.2-1B-Instruct/results/smoke/merged_additive_s0.1__own8.json	2c77e4d9f5c1eef120b95058b077815dcbf44a90600403a86a93b0d7944643cb	723	/storage2/jack/checkpoints/tofu_sisa_lora/Llama-3.2-1B-Instruct/results/smoke/merged_additive_s0.1__own8.json
tofu/Llama-3.2-1B-Instruct/results/smoke/merged_additive_s0.1__own9.json	7042ea0a5fa59517f7b6328ea08e639c35f5cafb6b6be6f090367ffdc0068307	732	/storage2/jack/checkpoints/tofu_sisa_lora/Llama-3.2-1B-Instruct/results/smoke/merged_additive_s0.1__own9.json
tofu/Llama-3.2-1B-Instruct/results/smoke/merged_additive_s0.2.json	e9f8dd0872bb2a3bb7431f11dbd7d883d2da4d265f5020ad3b6be33fe3940d40	738	/storage2/jack/checkpoints/tofu_sisa_lora/Llama-3.2-1B-Instruct/results/smoke/merged_additive_s0.2.json
tofu/Llama-3.2-1B-Instruct/results/smoke/merged_additive_s0.25.json	b95f07f105d8be0392d168858778aa000eb540fefec32025e01451da2f9e207c	746	/storage2/jack/checkpoints/tofu_sisa_lora/Llama-3.2-1B-Instruct/results/smoke/merged_additive_s0.25.json
tofu/Llama-3.2-1B-Instruct/results/smoke/merged_additive_s0.3.json	ec13cdacf6ea63b3e94fa8bde7070d884e8316f5336cfb201c1d75d859de11a2	746	/storage2/jack/checkpoints/tofu_sisa_lora/Llama-3.2-1B-Instruct/results/smoke/merged_additive_s0.3.json
tofu/Llama-3.2-1B-Instruct/results/smoke/merged_additive_s0.5.json	a9491e57a395dcc12a7fca367e14e73a85c1f4dcd7a85498bc45802415ba8068	739	/storage2/jack/checkpoints/tofu_sisa_lora/Llama-3.2-1B-Instruct/results/smoke/merged_additive_s0.5.json
tofu/Llama-3.2-1B-Instruct/results/smoke/merged_additive_s0.7.json	3cd4b4e343478d70039d6c73061623c7e34788b49f76252334b4d3eccfdd3474	734	/storage2/jack/checkpoints/tofu_sisa_lora/Llama-3.2-1B-Instruct/results/smoke/merged_additive_s0.7.json
tofu/Llama-3.2-1B-Instruct/results/smoke/merged_additive_s1.json	416c8a0c129af7e429ad767d236327ab4dd49cf9c11d3b2e1e61e736a4a30457	730	/storage2/jack/checkpoints/tofu_sisa_lora/Llama-3.2-1B-Instruct/results/smoke/merged_additive_s1.json
tofu/Llama-3.2-1B-Instruct/results/smoke/merged_additive_s10.json	e47597c116df5f8208ee79683f4f9315726f6af33eb5b9a181658260c20fda96	733	/storage2/jack/checkpoints/tofu_sisa_lora/Llama-3.2-1B-Instruct/results/smoke/merged_additive_s10.json
tofu/Llama-3.2-1B-Instruct/results/smoke/merged_additive_s2.json	4358126973bc0d33fc1c5cd8382c2678025baece64cf2e40528f3af27db03466	719	/storage2/jack/checkpoints/tofu_sisa_lora/Llama-3.2-1B-Instruct/results/smoke/merged_additive_s2.json
tofu/Llama-3.2-1B-Instruct/results/smoke/merged_additive_s5.json	bd4c9a01277df1ec391be3ed9b429203f66895266b25e1e96be0378746c3c2a6	722	/storage2/jack/checkpoints/tofu_sisa_lora/Llama-3.2-1B-Instruct/results/smoke/merged_additive_s5.json
tofu/Llama-3.2-1B-Instruct/results/smoke/merged_breadcrumbs_s0.0354.json	fe3c12693a474b2787910dddfa11c8a6a9010b90378eb939d2440367ebbef41d	781	/storage2/jack/checkpoints/tofu_sisa_lora/Llama-3.2-1B-Instruct/results/smoke/merged_breadcrumbs_s0.0354.json
tofu/Llama-3.2-1B-Instruct/results/smoke/merged_breadcrumbs_s0.1.json	6c5d7fa446a062decd25bdbd8c4ba5e2f4f8718e5428db9a3b5e8af49393d1f3	771	/storage2/jack/checkpoints/tofu_sisa_lora/Llama-3.2-1B-Instruct/results/smoke/merged_breadcrumbs_s0.1.json
tofu/Llama-3.2-1B-Instruct/results/smoke/merged_dare_ties.json	045fe4104e8e3544d52ade2dd4cb52fc64606503be8f267af1609f9d83f61ac6	705	/storage2/jack/checkpoints/tofu_sisa_lora/Llama-3.2-1B-Instruct/results/smoke/merged_dare_ties.json
tofu/Llama-3.2-1B-Instruct/results/smoke/merged_dare_ties__own0.json	28e067df817c8bfafb7a1c11e50878bb66d034da0f8a62e47e7ec4459fde1434	724	/storage2/jack/checkpoints/tofu_sisa_lora/Llama-3.2-1B-Instruct/results/smoke/merged_dare_ties__own0.json
tofu/Llama-3.2-1B-Instruct/results/smoke/merged_dare_ties__own1.json	1c7bc91ec4ef2924e53a9f5dcecb1245626b82c45a6c72286230df18467aa9e6	725	/storage2/jack/checkpoints/tofu_sisa_lora/Llama-3.2-1B-Instruct/results/smoke/merged_dare_ties__own1.json
tofu/Llama-3.2-1B-Instruct/results/smoke/merged_dare_ties__own2.json	f7c264c3b60210ce6ca8c341841cadcc97fe6e12fa73764d155d7f41c1a82b5f	720	/storage2/jack/checkpoints/tofu_sisa_lora/Llama-3.2-1B-Instruct/results/smoke/merged_dare_ties__own2.json
tofu/Llama-3.2-1B-Instruct/results/smoke/merged_dare_ties__own3.json	b15272d9ed57ffd4b9614c1e8ebf05e138051aac8f56aaf9a155a619fa65165e	716	/storage2/jack/checkpoints/tofu_sisa_lora/Llama-3.2-1B-Instruct/results/smoke/merged_dare_ties__own3.json
tofu/Llama-3.2-1B-Instruct/results/smoke/merged_dare_ties__own4.json	c8181c639ebee046d62acf993e788e34df2a21b2e9656a50c207617e08049465	720	/storage2/jack/checkpoints/tofu_sisa_lora/Llama-3.2-1B-Instruct/results/smoke/merged_dare_ties__own4.json
tofu/Llama-3.2-1B-Instruct/results/smoke/merged_dare_ties__own5.json	ed8ea86c10386aa66faccdab1a6c1f17ec04a9ced27deba8f46ea9a7221fd467	717	/storage2/jack/checkpoints/tofu_sisa_lora/Llama-3.2-1B-Instruct/results/smoke/merged_dare_ties__own5.json
tofu/Llama-3.2-1B-Instruct/results/smoke/merged_dare_ties__own6.json	bab3563a4ce674e08885e74d28f95757cdebc8daa26fa7f3de6e8bed09ac52f0	717	/storage2/jack/checkpoints/tofu_sisa_lora/Llama-3.2-1B-Instruct/results/smoke/merged_dare_ties__own6.json
tofu/Llama-3.2-1B-Instruct/results/smoke/merged_dare_ties__own7.json	c3bc21e7e4fb3d5b11512347fd0a7759f2ec51d70980888e5397cdc2c7a9e53d	721	/storage2/jack/checkpoints/tofu_sisa_lora/Llama-3.2-1B-Instruct/results/smoke/merged_dare_ties__own7.json
tofu/Llama-3.2-1B-Instruct/results/smoke/merged_dare_ties__own8.json	c279b7ade2b15e57101e6be025d84279e27e2f0de090dd076166902935f218f8	716	/storage2/jack/checkpoints/tofu_sisa_lora/Llama-3.2-1B-Instruct/results/smoke/merged_dare_ties__own8.json
tofu/Llama-3.2-1B-Instruct/results/smoke/merged_dare_ties__own9.json	b98d08683085313bb627ec421ce0e98fdb28bc82f00ba6d32de737a6beff1273	727	/storage2/jack/checkpoints/tofu_sisa_lora/Llama-3.2-1B-Instruct/results/smoke/merged_dare_ties__own9.json
tofu/Llama-3.2-1B-Instruct/results/smoke/merged_della_ties.json	632fddd3de85457446dc4311bfc272232ddb5fe234bfb4619ac18d7ebf4068d9	706	/storage2/jack/checkpoints/tofu_sisa_lora/Llama-3.2-1B-Instruct/results/smoke/merged_della_ties.json
tofu/Llama-3.2-1B-Instruct/results/smoke/merged_fisher.json	0882ca18f6b6ba1a8ada43f81142978f0a2c652140e223eba2aaadc63d9a76e8	702	/storage2/jack/checkpoints/tofu_sisa_lora/Llama-3.2-1B-Instruct/results/smoke/merged_fisher.json
tofu/Llama-3.2-1B-Instruct/results/smoke/merged_knots_ties.json	30d315db6e37d208117a245279d5c1c3574ebb55e65d24571859ca4999793a2a	707	/storage2/jack/checkpoints/tofu_sisa_lora/Llama-3.2-1B-Instruct/results/smoke/merged_knots_ties.json
tofu/Llama-3.2-1B-Instruct/results/smoke/merged_linear.json	2f93d43eb564975d17fac6b16daf8fd01a3969e42ec7e3e07927bd2ccad5ade9	701	/storage2/jack/checkpoints/tofu_sisa_lora/Llama-3.2-1B-Instruct/results/smoke/merged_linear.json
tofu/Llama-3.2-1B-Instruct/results/smoke/merged_tsv.json	bfa38bf2a6dd97270577897113c1fa681491099d9ba269ce86e53616ef6441ff	699	/storage2/jack/checkpoints/tofu_sisa_lora/Llama-3.2-1B-Instruct/results/smoke/merged_tsv.json
tofu/Llama-3.2-1B-Instruct/results/smoke/remerge_additive_mean.json	5131bd6649505b94f3b9e12060b0938d9374972abb1bc5bedaf1c36f4b433c2d	767	/storage2/jack/checkpoints/tofu_sisa_lora/Llama-3.2-1B-Instruct/results/smoke/remerge_additive_mean.json
tofu/Llama-3.2-1B-Instruct/results/smoke/remerge_additive_s0.05.json	30386fe7291194ed3f3e3f7b36fae022635ce0420670693ee7036649f537c64c	740	/storage2/jack/checkpoints/tofu_sisa_lora/Llama-3.2-1B-Instruct/results/smoke/remerge_additive_s0.05.json
tofu/Llama-3.2-1B-Instruct/results/smoke/remerge_additive_s0.1.json	272dc32f7c42ff100aa53467920df895bfa3326345b215d8d33bb439dcccb7da	736	/storage2/jack/checkpoints/tofu_sisa_lora/Llama-3.2-1B-Instruct/results/smoke/remerge_additive_s0.1.json
tofu/Llama-3.2-1B-Instruct/results/smoke/remerge_additive_s0.15.json	4518ebd6bd8236b671ed5a0b4f15fc037a09fcec7ac038b27b69c61ee3841f39	744	/storage2/jack/checkpoints/tofu_sisa_lora/Llama-3.2-1B-Instruct/results/smoke/remerge_additive_s0.15.json
tofu/Llama-3.2-1B-Instruct/results/smoke/remerge_additive_s0.2.json	b96c9e50556a7b1b95381fd619def5dbc4038f609f675c72dfc99620c50cd34e	744	/storage2/jack/checkpoints/tofu_sisa_lora/Llama-3.2-1B-Instruct/results/smoke/remerge_additive_s0.2.json
tofu/Llama-3.2-1B-Instruct/results/smoke/remerge_additive_s0.25.json	f7a05f41f1e477f19124f1599536c119615abf9a3384e3d7422ff248658b0109	744	/storage2/jack/checkpoints/tofu_sisa_lora/Llama-3.2-1B-Instruct/results/smoke/remerge_additive_s0.25.json
tofu/Llama-3.2-1B-Instruct/results/smoke/remerge_additive_s0.3.json	3166c57f595fba58404ac6da36f9aca76eb4427b5bb637ba40ee34ae9a2bd821	745	/storage2/jack/checkpoints/tofu_sisa_lora/Llama-3.2-1B-Instruct/results/smoke/remerge_additive_s0.3.json
tofu/Llama-3.2-1B-Instruct/results/smoke/remerge_additive_s0.5.json	0ff741d55b7468e8e92db35fd834ba6e39b616bfaa4676620ab98c60bb9418d7	746	/storage2/jack/checkpoints/tofu_sisa_lora/Llama-3.2-1B-Instruct/results/smoke/remerge_additive_s0.5.json
tofu/Llama-3.2-1B-Instruct/results/smoke/remerge_additive_s0.7.json	f472ef775e6f900e4fda6e6fd843d6bd16d1efd4b9fc15dd660d99cc5b7aa708	740	/storage2/jack/checkpoints/tofu_sisa_lora/Llama-3.2-1B-Instruct/results/smoke/remerge_additive_s0.7.json
tofu/Llama-3.2-1B-Instruct/results/smoke/remerge_additive_s1.json	39137163842804c866d9eae8a1d2dcba751bfc54ff45fa1e1e01983b76ce3f8d	731	/storage2/jack/checkpoints/tofu_sisa_lora/Llama-3.2-1B-Instruct/results/smoke/remerge_additive_s1.json
tofu/Llama-3.2-1B-Instruct/results/smoke/remerge_additive_s10.json	5a76ca76cf511359be6cd71d34033732f4e661cf977fdc279f6e6e43ef198361	734	/storage2/jack/checkpoints/tofu_sisa_lora/Llama-3.2-1B-Instruct/results/smoke/remerge_additive_s10.json
tofu/Llama-3.2-1B-Instruct/results/smoke/remerge_additive_s2.json	aa0368c1f38f92334e5874fd8f5d2e937a5f245c0408b58acd651548794310ba	729	/storage2/jack/checkpoints/tofu_sisa_lora/Llama-3.2-1B-Instruct/results/smoke/remerge_additive_s2.json
tofu/Llama-3.2-1B-Instruct/results/smoke/remerge_additive_s5.json	62243ca9f754aa80c3887644be9e19181bb510227d70598796fb9a154e4575e7	732	/storage2/jack/checkpoints/tofu_sisa_lora/Llama-3.2-1B-Instruct/results/smoke/remerge_additive_s5.json
tofu/Llama-3.2-1B-Instruct/results/smoke/routed_key_exact.json	9606ada90f6325dc956a094fd8eb09c006c230b168424f8a3cdbe52d2e032a07	731	/storage2/jack/checkpoints/tofu_sisa_lora/Llama-3.2-1B-Instruct/results/smoke/routed_key_exact.json
tofu/Llama-3.2-1B-Instruct/results/smoke/routed_key_exact_scaffold.json	610149edba727ac81c123da537704a0aeef2ecaf4df08d890cad52738881354a	780	/storage2/jack/checkpoints/tofu_sisa_lora/Llama-3.2-1B-Instruct/results/smoke/routed_key_exact_scaffold.json
tofu/Llama-3.2-1B-Instruct/results/smoke/routed_scaffold_ood.json	29d1bd0ddacdb4ac377bc8125857ed526a3e55955332f1e8d4b1191d126ad223	682	/storage2/jack/checkpoints/tofu_sisa_lora/Llama-3.2-1B-Instruct/results/smoke/routed_scaffold_ood.json
tofu/Llama-3.2-1B-Instruct/results/smoke/routed_scaffold_ood_del9.json	7fcce1e3455b1751c14ffabb48d9a2bd214c6dc4bc0711af3b5d22da9cc79651	705	/storage2/jack/checkpoints/tofu_sisa_lora/Llama-3.2-1B-Instruct/results/smoke/routed_scaffold_ood_del9.json
tofu/Llama-3.2-1B-Instruct/results/smoke/scaffold_floor.json	a8f6ec4c877ed46af1a323ea1b49137cfda950f840c8a0fcc85a1cedbc3db772	731	/storage2/jack/checkpoints/tofu_sisa_lora/Llama-3.2-1B-Instruct/results/smoke/scaffold_floor.json
tofu/Llama-3.2-1B-Instruct/results/smoke/shard_0_only__own0.json	da74b6c07606111e2e0864a0702a787fdcad17ff9e69c66c683a5600361b7bf5	715	/storage2/jack/checkpoints/tofu_sisa_lora/Llama-3.2-1B-Instruct/results/smoke/shard_0_only__own0.json
tofu/Llama-3.2-1B-Instruct/results/smoke/shard_1_only__own1.json	b4badcf72d84b4b0ec1e29ceb257ae38c7ed36157364ae1534b6975bd1d48199	716	/storage2/jack/checkpoints/tofu_sisa_lora/Llama-3.2-1B-Instruct/results/smoke/shard_1_only__own1.json
tofu/Llama-3.2-1B-Instruct/results/smoke/shard_2_only__own2.json	97253636bf427b4adf85bf01ca2c4358d6a85f6edaa20ce5b4fdb05d08ede9d6	706	/storage2/jack/checkpoints/tofu_sisa_lora/Llama-3.2-1B-Instruct/results/smoke/shard_2_only__own2.json
tofu/Llama-3.2-1B-Instruct/results/smoke/shard_3_only__own3.json	69e8ced51a527b53a2dd9edb8ca3d8c0b79346cb8c21f940507ab612acb57236	707	/storage2/jack/checkpoints/tofu_sisa_lora/Llama-3.2-1B-Instruct/results/smoke/shard_3_only__own3.json
tofu/Llama-3.2-1B-Instruct/results/smoke/shard_4_only__own4.json	e7a57a05b02484b868fa9f3120fce9507100e51b275b2845e48f6472bffed043	707	/storage2/jack/checkpoints/tofu_sisa_lora/Llama-3.2-1B-Instruct/results/smoke/shard_4_only__own4.json
tofu/Llama-3.2-1B-Instruct/results/smoke/shard_5_only__own5.json	a769f5a222d320be9c0ef4c30d18fd05712a0e9f33dba4a29383c370486b5823	709	/storage2/jack/checkpoints/tofu_sisa_lora/Llama-3.2-1B-Instruct/results/smoke/shard_5_only__own5.json
tofu/Llama-3.2-1B-Instruct/results/smoke/shard_6_only__own6.json	8bc7fd120460c76f29f9413dd1dd9c50f63de580586cab4db6c54d1684b5624c	711	/storage2/jack/checkpoints/tofu_sisa_lora/Llama-3.2-1B-Instruct/results/smoke/shard_6_only__own6.json
tofu/Llama-3.2-1B-Instruct/results/smoke/shard_7_only__own7.json	7be19a4b156d3b902109bb01d75ace3dbf882edcc7e440d057a003552154b06f	708	/storage2/jack/checkpoints/tofu_sisa_lora/Llama-3.2-1B-Instruct/results/smoke/shard_7_only__own7.json
tofu/Llama-3.2-1B-Instruct/results/smoke/shard_8_only__own8.json	2c562aecfd2fd362c8d04025f4490022d8d7fe6d86ff028bcd2ca3a319b06196	708	/storage2/jack/checkpoints/tofu_sisa_lora/Llama-3.2-1B-Instruct/results/smoke/shard_8_only__own8.json
tofu/Llama-3.2-1B-Instruct/results/smoke/shard_9_only.json	7c7c04d0d9ae534c983cf335bd001a57b94bd465d28a8081e6df28913edcacec	720	/storage2/jack/checkpoints/tofu_sisa_lora/Llama-3.2-1B-Instruct/results/smoke/shard_9_only.json
tofu/Llama-3.2-1B-Instruct/results/smoke/shard_9_only__own9.json	582378b9ecae850fbd9d10a7e6b9c314615e3a0078061f57b8951af34a6fb7a8	717	/storage2/jack/checkpoints/tofu_sisa_lora/Llama-3.2-1B-Instruct/results/smoke/shard_9_only__own9.json
tofu/Llama-3.2-1B-Instruct/results/smoke/smoke_merged_dare_ties__own0.json	9ae63a2d4c3d325e9385eaa340fb63d1dd9de9a25e7ee12d13df744e3b5e688a	726	/storage2/jack/checkpoints/tofu_sisa_lora/Llama-3.2-1B-Instruct/results/smoke/smoke_merged_dare_ties__own0.json
tofu/Llama-3.2-1B-Instruct/results/smoke/smoke_shard_0_only__own0.json	da74b6c07606111e2e0864a0702a787fdcad17ff9e69c66c683a5600361b7bf5	715	/storage2/jack/checkpoints/tofu_sisa_lora/Llama-3.2-1B-Instruct/results/smoke/smoke_shard_0_only__own0.json
tofu/Llama-3.2-1B-Instruct/results/smoke/subtract_linear.json	17fb98ae8284751bfc304d75159964aa81f8a88cd5b594c6375c969a8592371c	699	/storage2/jack/checkpoints/tofu_sisa_lora/Llama-3.2-1B-Instruct/results/smoke/subtract_linear.json
tofu/Llama-3.2-1B-Instruct/results/smoke/subtract_orth.json	d8d9b43882d99c6edd29c5941c66036bba0ebf462d4e3ad20f3456e0a1c2b459	707	/storage2/jack/checkpoints/tofu_sisa_lora/Llama-3.2-1B-Instruct/results/smoke/subtract_orth.json
tofu/Llama-3.2-1B-Instruct/results/smoke/tree_root_slerp.json	160267269a17bbf97f5749ac2c169ddee20586580712609cab4478fb3be7b0b1	708	/storage2/jack/checkpoints/tofu_sisa_lora/Llama-3.2-1B-Instruct/results/smoke/tree_root_slerp.json
tofu/Llama-3.2-1B-Instruct_clamu_K200/results/smoke/clamu_full.json	d3a4e6d28da76fc84c44610f812146d6df123b129293b3ec46f27d6df735b14f	722	/storage2/jack/checkpoints/tofu_sisa_lora/Llama-3.2-1B-Instruct_clamu_K200/results/smoke/clamu_full.json
tofu/Llama-3.2-1B-Instruct_clamu_K200/results/smoke/clamu_unlearn.json	01b618b35e76dd85ec13b67282cd967f5afae351cac5f89de6331281ca51796c	728	/storage2/jack/checkpoints/tofu_sisa_lora/Llama-3.2-1B-Instruct_clamu_K200/results/smoke/clamu_unlearn.json
tofu/Llama-3.2-1B-Instruct_experts_scaf_k10/results/extended/embedrouted_full.json	1f223a717be28a3ed58916fb19921d63a7cb6200646d9d5cb08406e7f0356a2f	728	/storage2/jack/checkpoints/tofu_sisa_lora/Llama-3.2-1B-Instruct_experts_scaf_k10/results/extended/embedrouted_full.json
tofu/Llama-3.2-1B-Instruct_experts_scaf_k10/results/extended/embedrouted_sibling_del9.json	9e43ddd204f4a48779bf6592704b5bed62ce9848ea61ed01e50e33c7d389e935	735	/storage2/jack/checkpoints/tofu_sisa_lora/Llama-3.2-1B-Instruct_experts_scaf_k10/results/extended/embedrouted_sibling_del9.json
tofu/Llama-3.2-1B-Instruct_experts_scaf_k10/results/extended/embedrouted_tombstone_del9.json	ed106a54f4cd9db393a50e562b2aedcf29380c57dfe9316a40762ee29451f631	742	/storage2/jack/checkpoints/tofu_sisa_lora/Llama-3.2-1B-Instruct_experts_scaf_k10/results/extended/embedrouted_tombstone_del9.json
tofu/Llama-3.2-1B-Instruct_experts_scaf_k10/results/extended/routed_scaffold_strong.json	e6a9035c354e50fa0ad03659a6245e686e71614d114a408b776c60d204543cfc	697	/storage2/jack/checkpoints/tofu_sisa_lora/Llama-3.2-1B-Instruct_experts_scaf_k10/results/extended/routed_scaffold_strong.json
tofu/Llama-3.2-1B-Instruct_experts_scaf_k10/results/extended/routed_scaffold_strong_del9.json	97737b2314af2e65e80ab79ec6bbceb61edd9086f5728c868c00a3ab56309f43	708	/storage2/jack/checkpoints/tofu_sisa_lora/Llama-3.2-1B-Instruct_experts_scaf_k10/results/extended/routed_scaffold_strong_del9.json
tofu/Llama-3.2-1B-Instruct_experts_scaf_k10/results/router_leak/groupb/routing_clamu.json	43dd96a8efa79367e22ba080e83e20c399b3646ec567e1073cd8eb3ac38d22f3	930	/storage2/jack/checkpoints/tofu_sisa_lora/Llama-3.2-1B-Instruct_experts_scaf_k10/results/router_leak/groupb/routing_clamu.json
tofu/Llama-3.2-1B-Instruct_experts_scaf_k10/results/router_leak/groupb/routing_sift.json	eefaaf9bbdfac4d828952913437f2145a5c59a1fd240f57c1fbe8120d4e3bc05	2602	/storage2/jack/checkpoints/tofu_sisa_lora/Llama-3.2-1B-Instruct_experts_scaf_k10/results/router_leak/groupb/routing_sift.json
tofu/Llama-3.2-1B-Instruct_experts_scaf_k10/results/router_leak/groupb/serve_clamu.json	0ef9937c7d7bfb001cfa47be772c994bef41b2d26e05c3f70bd74b35908f5e94	121153	/storage2/jack/checkpoints/tofu_sisa_lora/Llama-3.2-1B-Instruct_experts_scaf_k10/results/router_leak/groupb/serve_clamu.json
tofu/Llama-3.2-1B-Instruct_experts_scaf_k10/results/router_leak/groupb/serve_sift.json	da4e56099e078e0b42fa92701b7a026a6324666f329553c3ba5034b9f89c3d3b	111238	/storage2/jack/checkpoints/tofu_sisa_lora/Llama-3.2-1B-Instruct_experts_scaf_k10/results/router_leak/groupb/serve_sift.json
tofu/Llama-3.2-1B-Instruct_experts_scaf_k10/results/router_leak/mia_embedrouted_sibling_del9.json	c857e33f9f08a6689b7738c73e362682a7ccbc752ec30e3f292880e31312e553	89645	/storage2/jack/checkpoints/tofu_sisa_lora/Llama-3.2-1B-Instruct_experts_scaf_k10/results/router_leak/mia_embedrouted_sibling_del9.json
tofu/Llama-3.2-1B-Instruct_experts_scaf_k10/results/router_leak/mia_embedrouted_tombstone_del9.json	306de54bcdc8b2f1fea87b806d56f2c748ed5b68e780dbbb8595b419283f2248	89801	/storage2/jack/checkpoints/tofu_sisa_lora/Llama-3.2-1B-Instruct_experts_scaf_k10/results/router_leak/mia_embedrouted_tombstone_del9.json
tofu/Llama-3.2-1B-Instruct_experts_scaf_k10/results/router_leak/rho_embedsim_fam_activation_norm.json	4887e03bd7048ffb1316d82fd777276e1d97f1e21dc30aa050ef09af0aa34518	3543	/storage2/jack/checkpoints/tofu_sisa_lora/Llama-3.2-1B-Instruct_experts_scaf_k10/results/router_leak/rho_embedsim_fam_activation_norm.json
tofu/Llama-3.2-1B-Instruct_experts_scaf_k10/results/router_leak/rho_embedsim_fam_centroid_lm.json	12c50445155271be72db01ec60208731a42b64b91ca6bf738369beca0a3652d3	3725	/storage2/jack/checkpoints/tofu_sisa_lora/Llama-3.2-1B-Instruct_experts_scaf_k10/results/router_leak/rho_embedsim_fam_centroid_lm.json
tofu/Llama-3.2-1B-Instruct_experts_scaf_k10/results/router_leak/rho_embedsim_fam_centroid_lm_last.json	a67705448b7d1e37fff3ee2d374c6068eabeddb254dd76491d1f440eb2ef112d	3767	/storage2/jack/checkpoints/tofu_sisa_lora/Llama-3.2-1B-Instruct_experts_scaf_k10/results/router_leak/rho_embedsim_fam_centroid_lm_last.json
tofu/Llama-3.2-1B-Instruct_experts_scaf_k10/results/router_leak/rho_embedsim_fam_centroid_sbert.json	1a51b2df82be5aa267afd7682a8673daa6a1d2dc55625345bcbb90285e5affc7	3688	/storage2/jack/checkpoints/tofu_sisa_lora/Llama-3.2-1B-Instruct_experts_scaf_k10/results/router_leak/rho_embedsim_fam_centroid_sbert.json
tofu/Llama-3.2-1B-Instruct_experts_scaf_k10/results/router_leak/rho_embedsim_fam_key_exact.json	fe3d950cf00931d641e0229c4665bfeac63163d26656ceff1fcf6e4d36b2b6de	3542	/storage2/jack/checkpoints/tofu_sisa_lora/Llama-3.2-1B-Instruct_experts_scaf_k10/results/router_leak/rho_embedsim_fam_key_exact.json
tofu/Llama-3.2-1B-Instruct_experts_scaf_k10/results/router_leak/rho_embedsim_fam_key_tfidf.json	2f8e9dbe37443f6e74deebacec61844b3d61fc657ec428e868ca74cc85c962fb	3757	/storage2/jack/checkpoints/tofu_sisa_lora/Llama-3.2-1B-Instruct_experts_scaf_k10/results/router_leak/rho_embedsim_fam_key_tfidf.json
tofu/Llama-3.2-1B-Instruct_experts_scaf_k10/results/router_leak/rho_embedsim_fam_ppl.json	144818e20222f2586f1e7813bf25c4868600d35ea270cc1328ee05ccda51acb2	3656	/storage2/jack/checkpoints/tofu_sisa_lora/Llama-3.2-1B-Instruct_experts_scaf_k10/results/router_leak/rho_embedsim_fam_ppl.json
tofu/Llama-3.2-1B-Instruct_experts_scaf_k10/results/router_leak/rho_embedsim_sibling.json	b5bfb791cabe19d87209d4f7e622817e9309cf7061fd8e773e902078c6b4e502	3614	/storage2/jack/checkpoints/tofu_sisa_lora/Llama-3.2-1B-Instruct_experts_scaf_k10/results/router_leak/rho_embedsim_sibling.json
tofu/Llama-3.2-1B-Instruct_experts_scaf_k10/results/router_leak/rho_embedsim_tomb.json	be5821f0a39ef4fca5ad8cba1ab1fb90a443e2ef7c0dc359b32f8b2e614c6c33	3670	/storage2/jack/checkpoints/tofu_sisa_lora/Llama-3.2-1B-Instruct_experts_scaf_k10/results/router_leak/rho_embedsim_tomb.json
tofu/Llama-3.2-1B-Instruct_experts_scaf_k10/results/router_leak/rho_embedsim_tomba.json	904cc0263c07c50f4dc56f3e1e59c95289899adeb5c9a66cefff238511e0cb18	3622	/storage2/jack/checkpoints/tofu_sisa_lora/Llama-3.2-1B-Instruct_experts_scaf_k10/results/router_leak/rho_embedsim_tomba.json
tofu/Llama-3.2-1B-Instruct_experts_scaf_k10/results/router_leak/rl_centroid_k10.json	347f9a579f20caa7e34858fac6e354960bad492d457a9b64f476366c62dcb675	3350	/storage2/jack/checkpoints/tofu_sisa_lora/Llama-3.2-1B-Instruct_experts_scaf_k10/results/router_leak/rl_centroid_k10.json
tofu/Llama-3.2-1B-Instruct_experts_scaf_k10/results/router_leak/rl_centroid_k10.sims.npz	7bb9630b6bb97460ac2dc153f809db75f346fb241c480517ae5c970d5b4b634c	740273	/storage2/jack/checkpoints/tofu_sisa_lora/Llama-3.2-1B-Instruct_experts_scaf_k10/results/router_leak/rl_centroid_k10.sims.npz
tofu/Llama-3.2-1B-Instruct_experts_scaf_k10/results/router_leak/rl_centroid_k10_rungs.json	61e4af482ada93468bf9e63d1f23ec0c56a9424c5a768701f3c9b53d9cbfa56d	3448	/storage2/jack/checkpoints/tofu_sisa_lora/Llama-3.2-1B-Instruct_experts_scaf_k10/results/router_leak/rl_centroid_k10_rungs.json
tofu/Llama-3.2-1B-Instruct_experts_scaf_k10/results/router_leak/rl_centroid_k10_rungs.sims.npz	26ce562404b3632880915cdd71ab5927de1efd1c4c5c7ab9893bf65fe9e2a2d1	796768	/storage2/jack/checkpoints/tofu_sisa_lora/Llama-3.2-1B-Instruct_experts_scaf_k10/results/router_leak/rl_centroid_k10_rungs.sims.npz
tofu/Llama-3.2-1B-Instruct_experts_scaf_k10/results/router_leak/rl_coverage.json	6e56e5be1b88afbc7c08e65569be88a3799eb3510356d840d0cef9f42ade8406	210	/storage2/jack/checkpoints/tofu_sisa_lora/Llama-3.2-1B-Instruct_experts_scaf_k10/results/router_leak/rl_coverage.json
tofu/Llama-3.2-1B-Instruct_experts_scaf_k10/results/router_leak/rl_deletion_dial.md	d1a01f7a3b88eff85ec241985183c2bdb7f205b5823f7fdbb4caa3ccca1b8359	498	/storage2/jack/checkpoints/tofu_sisa_lora/Llama-3.2-1B-Instruct_experts_scaf_k10/results/router_leak/rl_deletion_dial.md
tofu/Llama-3.2-1B-Instruct_experts_scaf_k10/results/router_leak/rl_enc_bge.json	e65dc42802c7f69e1b17ae9dd4c7924a428796e97261f20775cfc7479fcbd617	1714	/storage2/jack/checkpoints/tofu_sisa_lora/Llama-3.2-1B-Instruct_experts_scaf_k10/results/router_leak/rl_enc_bge.json
tofu/Llama-3.2-1B-Instruct_experts_scaf_k10/results/router_leak/rl_enc_bge.sims.npz	e9cb48f87b05caaf6267432af8f1f82843eafabb91e298cf8d7d1b5801b8ea6c	687545	/storage2/jack/checkpoints/tofu_sisa_lora/Llama-3.2-1B-Instruct_experts_scaf_k10/results/router_leak/rl_enc_bge.sims.npz
tofu/Llama-3.2-1B-Instruct_experts_scaf_k10/results/router_leak/rl_enc_mpnet.json	ab97f0a562b763d2bafcac61c4395b78308fb3dd7cf832870895bc0c7e520884	1759	/storage2/jack/checkpoints/tofu_sisa_lora/Llama-3.2-1B-Instruct_experts_scaf_k10/results/router_leak/rl_enc_mpnet.json
tofu/Llama-3.2-1B-Instruct_experts_scaf_k10/results/router_leak/rl_enc_mpnet.sims.npz	7ff8fe2a6800c8b6cc735fc9dff287d4abe544ce460631ae0fe316291baf7d96	707985	/storage2/jack/checkpoints/tofu_sisa_lora/Llama-3.2-1B-Instruct_experts_scaf_k10/results/router_leak/rl_enc_mpnet.sims.npz
tofu/Llama-3.2-1B-Instruct_experts_scaf_k10/results/router_leak/rl_enc_roc_bge.json	87c04f895e5a6068aff9bc65ed0e9214747d2802f073e630c2c01a56269b8127	1328	/storage2/jack/checkpoints/tofu_sisa_lora/Llama-3.2-1B-Instruct_experts_scaf_k10/results/router_leak/rl_enc_roc_bge.json
tofu/Llama-3.2-1B-Instruct_experts_scaf_k10/results/router_leak/rl_enc_roc_mpnet.json	7ed401f975e4d6bcce9dcd29a64f3188b09099745f7cbd95df8b7066cd5da08d	1343	/storage2/jack/checkpoints/tofu_sisa_lora/Llama-3.2-1B-Instruct_experts_scaf_k10/results/router_leak/rl_enc_roc_mpnet.json
tofu/Llama-3.2-1B-Instruct_experts_scaf_k10/results/router_leak/rl_family_k10_behavioral.activation_norm.npz	2628fbb65879ef2b59141c79a8d025ae260e522153d7c3f876e2c0afd960b691	29031	/storage2/jack/checkpoints/tofu_sisa_lora/Llama-3.2-1B-Instruct_experts_scaf_k10/results/router_leak/rl_family_k10_behavioral.activation_norm.npz
tofu/Llama-3.2-1B-Instruct_experts_scaf_k10/results/router_leak/rl_family_k10_behavioral.attn_norm.npz	126a8d228994f861030f95a51316173bc7770c49398ac1c5a7a8ae7b097461d9	28494	/storage2/jack/checkpoints/tofu_sisa_lora/Llama-3.2-1B-Instruct_experts_scaf_k10/results/router_leak/rl_family_k10_behavioral.attn_norm.npz
tofu/Llama-3.2-1B-Instruct_experts_scaf_k10/results/router_leak/rl_family_k10_behavioral.json	6d4576446da67cc9c5a90e200c55aa59b37d8dc327ef3edfb974c259c190d9a2	19386	/storage2/jack/checkpoints/tofu_sisa_lora/Llama-3.2-1B-Instruct_experts_scaf_k10/results/router_leak/rl_family_k10_behavioral.json
tofu/Llama-3.2-1B-Instruct_experts_scaf_k10/results/router_leak/rl_family_k10_behavioral.logit_div.npz	a43cc4551a153f1c528b32a546b1d7e15e2f8de1421d03549e6b0685f1986e0b	96324	/storage2/jack/checkpoints/tofu_sisa_lora/Llama-3.2-1B-Instruct_experts_scaf_k10/results/router_leak/rl_family_k10_behavioral.logit_div.npz
tofu/Llama-3.2-1B-Instruct_experts_scaf_k10/results/router_leak/rl_family_k10_behavioral.ppl.npz	7ea9b6608c0d3a391b9d85bbcd1e3f50f7ce01acc09930aa86dc4de5e2f971f3	29190	/storage2/jack/checkpoints/tofu_sisa_lora/Llama-3.2-1B-Instruct_experts_scaf_k10/results/router_leak/rl_family_k10_behavioral.ppl.npz
tofu/Llama-3.2-1B-Instruct_experts_scaf_k10/results/router_leak/rl_family_k10_feature.centroid_lm.npz	30710ecb8e58b3eab54497852ea8971d20a1943b63d048a5f4af6e222d29279e	1177220	/storage2/jack/checkpoints/tofu_sisa_lora/Llama-3.2-1B-Instruct_experts_scaf_k10/results/router_leak/rl_family_k10_feature.centroid_lm.npz
tofu/Llama-3.2-1B-Instruct_experts_scaf_k10/results/router_leak/rl_family_k10_feature.centroid_lm_last.npz	c5e7c354e27c4db8d9ae21f5fb8ad1c050b041439ab41a1f9d995ad0c0d670ab	1191048	/storage2/jack/checkpoints/tofu_sisa_lora/Llama-3.2-1B-Instruct_experts_scaf_k10/results/router_leak/rl_family_k10_feature.centroid_lm_last.npz
tofu/Llama-3.2-1B-Instruct_experts_scaf_k10/results/router_leak/rl_family_k10_feature.centroid_sbert.npz	384eff14a462576c56df5e8c3c2a830cb4a44179695f40f5c8d36d97a7f93842	1245154	/storage2/jack/checkpoints/tofu_sisa_lora/Llama-3.2-1B-Instruct_experts_scaf_k10/results/router_leak/rl_family_k10_feature.centroid_sbert.npz
tofu/Llama-3.2-1B-Instruct_experts_scaf_k10/results/router_leak/rl_family_k10_feature.centroid_sbert_q.npz	5b00ec221093654670001f9ce7cdd5ca4b5762cdcede05f62e22220e0f743968	1244485	/storage2/jack/checkpoints/tofu_sisa_lora/Llama-3.2-1B-Instruct_experts_scaf_k10/results/router_leak/rl_family_k10_feature.centroid_sbert_q.npz
tofu/Llama-3.2-1B-Instruct_experts_scaf_k10/results/router_leak/rl_family_k10_feature.json	6baf87d0bed0d14a42c6aaf144ffcb204d1a5ff0b2e2e021ee802ce5b950dcbe	20554	/storage2/jack/checkpoints/tofu_sisa_lora/Llama-3.2-1B-Instruct_experts_scaf_k10/results/router_leak/rl_family_k10_feature.json
tofu/Llama-3.2-1B-Instruct_experts_scaf_k10/results/router_leak/rl_family_k10_feature.key_exact.npz	5d4e46dfb3f2bb1c4d3a404090975aa5159322fa334425e659dad71214b4eb99	2264	/storage2/jack/checkpoints/tofu_sisa_lora/Llama-3.2-1B-Instruct_experts_scaf_k10/results/router_leak/rl_family_k10_feature.key_exact.npz
tofu/Llama-3.2-1B-Instruct_experts_scaf_k10/results/router_leak/rl_family_k10_feature.key_tfidf.npz	4541b684b872a1ef2f92cf9f8c28a6331c21806716430d3afd154d5b30b926a9	1275279	/storage2/jack/checkpoints/tofu_sisa_lora/Llama-3.2-1B-Instruct_experts_scaf_k10/results/router_leak/rl_family_k10_feature.key_tfidf.npz
tofu/Llama-3.2-1B-Instruct_experts_scaf_k10/results/router_leak/rl_family_leak_analysis.json	3a03361640a4ef64937d39e42d65a4435f1de64d2a2084f1961ac35365c71471	146084	/storage2/jack/checkpoints/tofu_sisa_lora/Llama-3.2-1B-Instruct_experts_scaf_k10/results/router_leak/rl_family_leak_analysis.json
tofu/Llama-3.2-1B-Instruct_experts_scaf_k10/results/router_leak/rl_family_leak_table.md	ef1ba92e32619dd56025d49014d416c174a3178738128143993fe3590cd4cffc	14153	/storage2/jack/checkpoints/tofu_sisa_lora/Llama-3.2-1B-Instruct_experts_scaf_k10/results/router_leak/rl_family_leak_table.md
tofu/Llama-3.2-1B-Instruct_experts_scaf_k10/results/router_leak/rl_roc_centroid.json	67cb4234e95506a738cf39f704e34227f50f3172773f78a5d7cf2d3b87580cff	1321	/storage2/jack/checkpoints/tofu_sisa_lora/Llama-3.2-1B-Instruct_experts_scaf_k10/results/router_leak/rl_roc_centroid.json
tofu/Llama-3.2-1B-Instruct_experts_scaf_k10/results/router_leak/rl_roc_legonet.json	536de5e7a1d87a0f420df25c5db8670998723e3c3ec2883fe5fd268fb25531d8	1346	/storage2/jack/checkpoints/tofu_sisa_lora/Llama-3.2-1B-Instruct_experts_scaf_k10/results/router_leak/rl_roc_legonet.json
tofu/Llama-3.2-1B-Instruct_experts_scaf_k10/results/router_leak/sibling_content_audit.json	8225737478225b01e8ae8cf7603c86671776e736480efd881bcdf86ab1100a6a	647042	/storage2/jack/checkpoints/tofu_sisa_lora/Llama-3.2-1B-Instruct_experts_scaf_k10/results/router_leak/sibling_content_audit.json
tofu/Llama-3.2-1B-Instruct_experts_scaf_k10/results/router_leak/sibling_content_audit_c40.json	84ba78bd42a83f552f2c10f897a3b9758d1f1103d7ffebad7dcd691f54cea93f	65953	/storage2/jack/checkpoints/tofu_sisa_lora/Llama-3.2-1B-Instruct_experts_scaf_k10/results/router_leak/sibling_content_audit_c40.json
tofu/Llama-3.2-1B-Instruct_experts_scaf_k10/results/router_leak/sibling_content_by_strategy.json	b7731c26280ca1466d8ea6795fddc44dec19bc2239a6721bac5bb1aa110b7647	1230093	/storage2/jack/checkpoints/tofu_sisa_lora/Llama-3.2-1B-Instruct_experts_scaf_k10/results/router_leak/sibling_content_by_strategy.json
tofu/Llama-3.2-1B-Instruct_experts_scaf_k10/results/router_leak/sibling_content_by_strategy_c40.json	abffc78ae31f0c8e2c54bcb8df8cb4a924c855f37e6a7a1dd1afc8ad9976d136	130782	/storage2/jack/checkpoints/tofu_sisa_lora/Llama-3.2-1B-Instruct_experts_scaf_k10/results/router_leak/sibling_content_by_strategy_c40.json
tofu/Llama-3.2-1B-Instruct_experts_scaf_k10/results/router_leak/wave45_summary.json	082f6d7313edf1d852f9546de56af1aa6a2a75971ccc50cd87f7213d9c71c5dd	26590	/storage2/jack/checkpoints/tofu_sisa_lora/Llama-3.2-1B-Instruct_experts_scaf_k10/results/router_leak/wave45_summary.json
tofu/Llama-3.2-1B-Instruct_experts_scaf_k10/results/smoke/embedrouted_full.json	8cf79c62ce365add7a4e9870eb8d6c1862f20c383933c35c048f47d37fb16831	724	/storage2/jack/checkpoints/tofu_sisa_lora/Llama-3.2-1B-Instruct_experts_scaf_k10/results/smoke/embedrouted_full.json
tofu/Llama-3.2-1B-Instruct_experts_scaf_k10/results/smoke/embedrouted_sibling_del9.json	27de25b6329aad3989f3a1668280510cb6f8e084312a4c8d76d0e179bbf401d7	733	/storage2/jack/checkpoints/tofu_sisa_lora/Llama-3.2-1B-Instruct_experts_scaf_k10/results/smoke/embedrouted_sibling_del9.json
tofu/Llama-3.2-1B-Instruct_experts_scaf_k10/results/smoke/embedrouted_tombstone_author_del9.json	0e161000f446fcd963280d4d61f93312c206a27afae522c91681173e0c2c6da8	743	/storage2/jack/checkpoints/tofu_sisa_lora/Llama-3.2-1B-Instruct_experts_scaf_k10/results/smoke/embedrouted_tombstone_author_del9.json
tofu/Llama-3.2-1B-Instruct_experts_scaf_k10/results/smoke/embedrouted_tombstone_del9.json	217fe4d0a1b0a788a10f385806c35743a9df0939e74893bbac4a46518ed7fd6b	738	/storage2/jack/checkpoints/tofu_sisa_lora/Llama-3.2-1B-Instruct_experts_scaf_k10/results/smoke/embedrouted_tombstone_del9.json
tofu/Llama-3.2-1B-Instruct_experts_scaf_k10/results/smoke/ensemble_probs.json	3e991e800cac3778e2a44e44809c8dee2bc6ff5bd1e0c2bb4632dd77a12d29b4	771	/storage2/jack/checkpoints/tofu_sisa_lora/Llama-3.2-1B-Instruct_experts_scaf_k10/results/smoke/ensemble_probs.json
tofu/Llama-3.2-1B-Instruct_experts_scaf_k10/results/smoke/merged_additive_mean.json	efeea0bce1fd2e37fcd0bf01e7e54db0b87cef78ace32d4e9a4c95a867423ce6	785	/storage2/jack/checkpoints/tofu_sisa_lora/Llama-3.2-1B-Instruct_experts_scaf_k10/results/smoke/merged_additive_mean.json
tofu/Llama-3.2-1B-Instruct_experts_scaf_k10/results/smoke/merged_additive_s0.15.json	3eff57fccf74c871fe1935d7d2a4c944dfce450ccbf115f37cedfc96fdc922da	792	/storage2/jack/checkpoints/tofu_sisa_lora/Llama-3.2-1B-Instruct_experts_scaf_k10/results/smoke/merged_additive_s0.15.json
tofu/Llama-3.2-1B-Instruct_experts_scaf_k10/results/smoke/merged_additive_s0.2.json	2742ca606d70bcef2cd7264c8a1b48d23413183825f6b9d4b085828812e4e4c3	792	/storage2/jack/checkpoints/tofu_sisa_lora/Llama-3.2-1B-Instruct_experts_scaf_k10/results/smoke/merged_additive_s0.2.json
tofu/Llama-3.2-1B-Instruct_experts_scaf_k10/results/smoke/merged_dare_ties.json	bd702c02b1534fa7db202735ea12c91c9f59ce965eec9b8d24ef49652558caa3	777	/storage2/jack/checkpoints/tofu_sisa_lora/Llama-3.2-1B-Instruct_experts_scaf_k10/results/smoke/merged_dare_ties.json
tofu/Llama-3.2-1B-Instruct_experts_scaf_k10/results/smoke/merged_della_ties.json	0d66536f02a0443d87a84cb3a680d84849a1ad5012183962e7d9e2370077d011	782	/storage2/jack/checkpoints/tofu_sisa_lora/Llama-3.2-1B-Instruct_experts_scaf_k10/results/smoke/merged_della_ties.json
tofu/Llama-3.2-1B-Instruct_experts_scaf_k10/results/smoke/merged_fisher.json	1cfdc7e8e5bd8ecaef31037472fd80f2e9315f19895d157931cb49f1f4e00c0a	775	/storage2/jack/checkpoints/tofu_sisa_lora/Llama-3.2-1B-Instruct_experts_scaf_k10/results/smoke/merged_fisher.json
tofu/Llama-3.2-1B-Instruct_experts_scaf_k10/results/smoke/merged_jd_full_c4_r16.json	fd10efeb98e088ebd68fdaadba7216e13988153726d10d20a0c9798b169330f9	786	/storage2/jack/checkpoints/tofu_sisa_lora/Llama-3.2-1B-Instruct_experts_scaf_k10/results/smoke/merged_jd_full_c4_r16.json
tofu/Llama-3.2-1B-Instruct_experts_scaf_k10/results/smoke/merged_knots_ties.json	26131e402a703d235d1b02374b8a2caedfaf2072d4e2139d302215564c6b30b3	782	/storage2/jack/checkpoints/tofu_sisa_lora/Llama-3.2-1B-Instruct_experts_scaf_k10/results/smoke/merged_knots_ties.json
tofu/Llama-3.2-1B-Instruct_experts_scaf_k10/results/smoke/merged_lorahub.json	9934e747ca551cca8c6c06261e73524097d865e8c5b0ce43324818bc377b45a8	776	/storage2/jack/checkpoints/tofu_sisa_lora/Llama-3.2-1B-Instruct_experts_scaf_k10/results/smoke/merged_lorahub.json
tofu/Llama-3.2-1B-Instruct_experts_scaf_k10/results/smoke/merged_regmean.json	7f893d6dbf82c2ee271e787783e5566dc02ab19db2a5c860125708007fff69c1	776	/storage2/jack/checkpoints/tofu_sisa_lora/Llama-3.2-1B-Instruct_experts_scaf_k10/results/smoke/merged_regmean.json
tofu/Llama-3.2-1B-Instruct_experts_scaf_k10/results/smoke/merged_tsv.json	3e192e93f989a6405b969954e60d84df8f2d489eb18069417c8c1346b2b7fddc	772	/storage2/jack/checkpoints/tofu_sisa_lora/Llama-3.2-1B-Instruct_experts_scaf_k10/results/smoke/merged_tsv.json
tofu/Llama-3.2-1B-Instruct_experts_scaf_k10/results/smoke/remerge_additive_mean.json	a0e685f859326e96ef2fe71496dcad29c1ebfff1c491fc07074500ff30619eaa	786	/storage2/jack/checkpoints/tofu_sisa_lora/Llama-3.2-1B-Instruct_experts_scaf_k10/results/smoke/remerge_additive_mean.json
tofu/Llama-3.2-1B-Instruct_experts_scaf_k10/results/smoke/remerge_dare_ties.json	9cf668a10913ead0de381b0af7d49e18f48082e18b8ff8223b644a5eccac088f	781	/storage2/jack/checkpoints/tofu_sisa_lora/Llama-3.2-1B-Instruct_experts_scaf_k10/results/smoke/remerge_dare_ties.json
tofu/Llama-3.2-1B-Instruct_experts_scaf_k10/results/smoke/routed_activation_norm.json	1f580ae3b7fa2047efc2867cec8a87f7583fd02e97a0260d9fd9479ea6d4d53c	828	/storage2/jack/checkpoints/tofu_sisa_lora/Llama-3.2-1B-Instruct_experts_scaf_k10/results/smoke/routed_activation_norm.json
tofu/Llama-3.2-1B-Instruct_experts_scaf_k10/results/smoke/routed_attn_norm.json	995fb36ddb771f4f7d9636ae3f56d5b17d798e6eb9ea8d258bd1c1248922f5ac	813	/storage2/jack/checkpoints/tofu_sisa_lora/Llama-3.2-1B-Instruct_experts_scaf_k10/results/smoke/routed_attn_norm.json
tofu/Llama-3.2-1B-Instruct_experts_scaf_k10/results/smoke/routed_centroid_lm.json	42d02bc804e3149386a6456dc10ba31850a47598681950f474f2a5e6552d81e4	816	/storage2/jack/checkpoints/tofu_sisa_lora/Llama-3.2-1B-Instruct_experts_scaf_k10/results/smoke/routed_centroid_lm.json
tofu/Llama-3.2-1B-Instruct_experts_scaf_k10/results/smoke/routed_centroid_lm_last.json	2399af8de26d9b4df04ca85f16dcc4a5aca11f6da8a63a74da7a7099db8b940b	826	/storage2/jack/checkpoints/tofu_sisa_lora/Llama-3.2-1B-Instruct_experts_scaf_k10/results/smoke/routed_centroid_lm_last.json
tofu/Llama-3.2-1B-Instruct_experts_scaf_k10/results/smoke/routed_centroid_sbert.json	4afa3230bc67fe7340d1f4d82662b2c78d41070e8359573da54906be1c46db41	822	/storage2/jack/checkpoints/tofu_sisa_lora/Llama-3.2-1B-Instruct_experts_scaf_k10/results/smoke/routed_centroid_sbert.json
tofu/Llama-3.2-1B-Instruct_experts_scaf_k10/results/smoke/routed_key_exact.json	6fad3c1bbd7237669ea20ee6aca51a8b5e89ab1574bc6aaa33966ff49ca1d5f6	810	/storage2/jack/checkpoints/tofu_sisa_lora/Llama-3.2-1B-Instruct_experts_scaf_k10/results/smoke/routed_key_exact.json
tofu/Llama-3.2-1B-Instruct_experts_scaf_k10/results/smoke/routed_key_tfidf.json	f59b7abbdb82d829281f7d4052b0fd419000770d625ae668843c7e3247535054	810	/storage2/jack/checkpoints/tofu_sisa_lora/Llama-3.2-1B-Instruct_experts_scaf_k10/results/smoke/routed_key_tfidf.json
tofu/Llama-3.2-1B-Instruct_experts_scaf_k10/results/smoke/routed_logit_div.json	a1930fe0124417e08383814aaf118635d0e1a71b986b5df25c4a85cdcce5cc9a	811	/storage2/jack/checkpoints/tofu_sisa_lora/Llama-3.2-1B-Instruct_experts_scaf_k10/results/smoke/routed_logit_div.json
tofu/Llama-3.2-1B-Instruct_experts_scaf_k10/results/smoke/routed_ppl.json	d8a0f75eaefc73fb784b64c8e6963ccc4433eca2163833eec30bb9458f758088	795	/storage2/jack/checkpoints/tofu_sisa_lora/Llama-3.2-1B-Instruct_experts_scaf_k10/results/smoke/routed_ppl.json
tofu/Llama-3.2-1B-Instruct_experts_scaf_k10/results/smoke/routed_scaffold_strong.json	04a704781ee27377cfb23c377219c1fd53b421631d8db95241b6dd71540d7ca0	702	/storage2/jack/checkpoints/tofu_sisa_lora/Llama-3.2-1B-Instruct_experts_scaf_k10/results/smoke/routed_scaffold_strong.json
tofu/Llama-3.2-1B-Instruct_experts_scaf_k10/results/smoke/routed_scaffold_strong_del9.json	da78f72ea75d7f7b7527c8e4c0adc2684ecd6a9ca0b5e5ed5ad84c87bf925bd5	705	/storage2/jack/checkpoints/tofu_sisa_lora/Llama-3.2-1B-Instruct_experts_scaf_k10/results/smoke/routed_scaffold_strong_del9.json
tofu/Llama-3.2-1B-Instruct_experts_scaf_k10/results/smoke/scafmerged_merged_additive_mean.json	b616691e2f87e5b9a08439c3ed9a05174fd26d741ba5199476cbd8b82ad69f73	715	/storage2/jack/checkpoints/tofu_sisa_lora/Llama-3.2-1B-Instruct_experts_scaf_k10/results/smoke/scafmerged_merged_additive_mean.json
tofu/Llama-3.2-1B-Instruct_experts_scaf_k10/results/smoke/scafmerged_merged_dare_ties.json	280c323fce90b72d9e129adb8a61c6e9c711ec6fe990d14c1e6fc8fffb87ad54	711	/storage2/jack/checkpoints/tofu_sisa_lora/Llama-3.2-1B-Instruct_experts_scaf_k10/results/smoke/scafmerged_merged_dare_ties.json
tofu/Llama-3.2-1B-Instruct_experts_scaf_k10/results/smoke/scafmerged_merged_della_ties.json	052ed2262b33f0e79808aa2a0d222a8b665aaa0d650c60475c7f27ee5209a2a1	712	/storage2/jack/checkpoints/tofu_sisa_lora/Llama-3.2-1B-Instruct_experts_scaf_k10/results/smoke/scafmerged_merged_della_ties.json
tofu/Llama-3.2-1B-Instruct_experts_scaf_k10/results/smoke/scafmerged_merged_jd_full_c4_r16.json	8ff8d8122995a618cdce510eca4c8f50bbd9ad0217690a61dcdbb7d267228828	716	/storage2/jack/checkpoints/tofu_sisa_lora/Llama-3.2-1B-Instruct_experts_scaf_k10/results/smoke/scafmerged_merged_jd_full_c4_r16.json
tofu/Llama-3.2-1B-Instruct_experts_scaf_k10/results/smoke/scafmerged_merged_knots_ties.json	6114c250ed6a2f3ee02b46ab759ad58d04efdabc34cd36c2962a6656d8b23416	713	/storage2/jack/checkpoints/tofu_sisa_lora/Llama-3.2-1B-Instruct_experts_scaf_k10/results/smoke/scafmerged_merged_knots_ties.json
tofu/Llama-3.2-1B-Instruct_experts_scaf_k10/results/smoke/scafmerged_merged_tsv.json	f0f20cd67097258f24e22f1e7190b39cd8d97a6fd37f1674e5ef2dee20233e83	711	/storage2/jack/checkpoints/tofu_sisa_lora/Llama-3.2-1B-Instruct_experts_scaf_k10/results/smoke/scafmerged_merged_tsv.json
tofu/Llama-3.2-1B-Instruct_experts_scaf_k10/results/smoke/scafmerged_remerge_additive_mean.json	10773a1637052293999274ed4fd2a01e17c0819a53d23880548d6ef1bba3b120	715	/storage2/jack/checkpoints/tofu_sisa_lora/Llama-3.2-1B-Instruct_experts_scaf_k10/results/smoke/scafmerged_remerge_additive_mean.json
tofu/Llama-3.2-1B-Instruct_experts_scaf_k10/results/smoke/scafmerged_remerge_dare_ties.json	e6316517f900fc76aad07bcba6a86afecf7d22b00c7efbfc6da63e1fb572d34a	713	/storage2/jack/checkpoints/tofu_sisa_lora/Llama-3.2-1B-Instruct_experts_scaf_k10/results/smoke/scafmerged_remerge_dare_ties.json
tofu/Llama-3.2-1B-Instruct_legonet_n32_k3/results/alpha_diag_key_full.json	9530cb352fd411de5b4f04140bfc48c293458b86e3a141b7b4b1499dbab81465	253186	/storage2/jack/checkpoints/tofu_sisa_lora/Llama-3.2-1B-Instruct_legonet_n32_k3/results/alpha_diag_key_full.json
tofu/Llama-3.2-1B-Instruct_legonet_n32_k3/results/alpha_diag_key_unlearn.json	3136dd031f466c20ba94b151c8669872035964b27debbbf3688fabad8027f8b9	253037	/storage2/jack/checkpoints/tofu_sisa_lora/Llama-3.2-1B-Instruct_legonet_n32_k3/results/alpha_diag_key_unlearn.json
tofu/Llama-3.2-1B-Instruct_legonet_n32_k3/results/extended/legonet_full.json	0bc3eff8e4ed73cd98029377bae317f531537a30783860b5fe792ef3386d2dd3	700	/storage2/jack/checkpoints/tofu_sisa_lora/Llama-3.2-1B-Instruct_legonet_n32_k3/results/extended/legonet_full.json
tofu/Llama-3.2-1B-Instruct_legonet_n32_k3/results/extended/legonet_unlearn.json	b32fc439de1ea6bcb84f7bef353c198b8479073907e6f1f7b63b3d8e278d1430	706	/storage2/jack/checkpoints/tofu_sisa_lora/Llama-3.2-1B-Instruct_legonet_n32_k3/results/extended/legonet_unlearn.json
tofu/Llama-3.2-1B-Instruct_legonet_n32_k3/results/extended/ramole_full.json	6655919e5ff8ea2c74cb04fab03a671f800a47e17b016f437ae4cad86e6e2d31	697	/storage2/jack/checkpoints/tofu_sisa_lora/Llama-3.2-1B-Instruct_legonet_n32_k3/results/extended/ramole_full.json
tofu/Llama-3.2-1B-Instruct_legonet_n32_k3/results/extended/ramole_unlearn.json	d1601f8dab3e15fc5c92e195b822ae9f6aa4c689dcbe6453fbedb919718730fd	705	/storage2/jack/checkpoints/tofu_sisa_lora/Llama-3.2-1B-Instruct_legonet_n32_k3/results/extended/ramole_unlearn.json
tofu/Llama-3.2-1B-Instruct_legonet_n32_k3/results/extended/ramoleft_full.json	dddfa23f05b169ea08e85707d3b73432e94df7100e6f52a803950b886b774edf	727	/storage2/jack/checkpoints/tofu_sisa_lora/Llama-3.2-1B-Instruct_legonet_n32_k3/results/extended/ramoleft_full.json
tofu/Llama-3.2-1B-Instruct_legonet_n32_k3/results/extended/ramoleft_unlearn.json	86ff160aa014a677817fa8a40d4399d23129764d702e500b6356aee1a622876b	734	/storage2/jack/checkpoints/tofu_sisa_lora/Llama-3.2-1B-Instruct_legonet_n32_k3/results/extended/ramoleft_unlearn.json
tofu/Llama-3.2-1B-Instruct_legonet_n32_k3/results/extended/ramolerb_full.json	cc850c4b85d5f9bc61d108246d0590dba8d17af9a9747ff4f548d3d481b77ed7	727	/storage2/jack/checkpoints/tofu_sisa_lora/Llama-3.2-1B-Instruct_legonet_n32_k3/results/extended/ramolerb_full.json
tofu/Llama-3.2-1B-Instruct_legonet_n32_k3/results/extended/ramolerb_unlearn.json	0fa888f9e1670f02351b7eb118ac73d3d8a5edb1c58beef10ca58f183c9947bd	734	/storage2/jack/checkpoints/tofu_sisa_lora/Llama-3.2-1B-Instruct_legonet_n32_k3/results/extended/ramolerb_unlearn.json
tofu/Llama-3.2-1B-Instruct_legonet_n32_k3/results/extended/routerkey_full.json	c18bcdee4fd34bc1a5cbdd990866f8f1240a3181b109652b287dad027ecb3f4e	699	/storage2/jack/checkpoints/tofu_sisa_lora/Llama-3.2-1B-Instruct_legonet_n32_k3/results/extended/routerkey_full.json
tofu/Llama-3.2-1B-Instruct_legonet_n32_k3/results/extended/routerkey_full_s43.json	f24763663bdcc1b5135b4e17f165e79ab9a0a0226b7a0b194fc42450fc361cab	729	/storage2/jack/checkpoints/tofu_sisa_lora/Llama-3.2-1B-Instruct_legonet_n32_k3/results/extended/routerkey_full_s43.json
tofu/Llama-3.2-1B-Instruct_legonet_n32_k3/results/extended/routerkey_full_s44.json	cba62384fc61df6a705ee1b50087be3cf11f676b055505d7f769080faf243462	731	/storage2/jack/checkpoints/tofu_sisa_lora/Llama-3.2-1B-Instruct_legonet_n32_k3/results/extended/routerkey_full_s44.json
tofu/Llama-3.2-1B-Instruct_legonet_n32_k3/results/extended/routerkey_unlearn.json	938a4729cb0ceca794ae010e54b13ab0436438bc813cf3108f6cf259604b191f	708	/storage2/jack/checkpoints/tofu_sisa_lora/Llama-3.2-1B-Instruct_legonet_n32_k3/results/extended/routerkey_unlearn.json
tofu/Llama-3.2-1B-Instruct_legonet_n32_k3/results/extended/routerkey_unlearn_s43.json	4e09f5f8a4a67afcb1aff00af9a65e9dbef74814ed11826c152b9f36bc182e46	745	/storage2/jack/checkpoints/tofu_sisa_lora/Llama-3.2-1B-Instruct_legonet_n32_k3/results/extended/routerkey_unlearn_s43.json
tofu/Llama-3.2-1B-Instruct_legonet_n32_k3/results/extended/routerkey_unlearn_s44.json	8c0fb48c89234434dc73fc6527e0ed7adf8cf57ff1bde9196d1d064cf3df216c	744	/storage2/jack/checkpoints/tofu_sisa_lora/Llama-3.2-1B-Instruct_legonet_n32_k3/results/extended/routerkey_unlearn_s44.json
tofu/Llama-3.2-1B-Instruct_legonet_n32_k3/results/mia/clamu_full.json	f2e31f4561da057e1c0361f5beb910e5d1c5f55aa52608eefbae9c2620dc6ce1	1143	/storage2/jack/checkpoints/tofu_sisa_lora/Llama-3.2-1B-Instruct_legonet_n32_k3/results/mia/clamu_full.json
tofu/Llama-3.2-1B-Instruct_legonet_n32_k3/results/mia/clamu_unlearn.json	2e34a95e1115e300ed875b1f7b093b71847523efd6f55e09f9c85579ea85c193	1169	/storage2/jack/checkpoints/tofu_sisa_lora/Llama-3.2-1B-Instruct_legonet_n32_k3/results/mia/clamu_unlearn.json
tofu/Llama-3.2-1B-Instruct_legonet_n32_k3/results/mia/clamu_unlearn_s43.json	0138245c5b2bac2e70bdc0e4d9c624903fef72ac50bac292c0b069f588ca4dbf	1177	/storage2/jack/checkpoints/tofu_sisa_lora/Llama-3.2-1B-Instruct_legonet_n32_k3/results/mia/clamu_unlearn_s43.json
tofu/Llama-3.2-1B-Instruct_legonet_n32_k3/results/mia/ft_retain_all.json	15423f2650245988468a9b52df006420a71601bcf03cebdf03670dfe8cd713c6	1190	/storage2/jack/checkpoints/tofu_sisa_lora/Llama-3.2-1B-Instruct_legonet_n32_k3/results/mia/ft_retain_all.json
tofu/Llama-3.2-1B-Instruct_legonet_n32_k3/results/mia/ft_unlearn_ga.json	80041052ff6509bd0e7527500a5a3025bbffb7fa5d890174a38411a3a0d72011	1171	/storage2/jack/checkpoints/tofu_sisa_lora/Llama-3.2-1B-Instruct_legonet_n32_k3/results/mia/ft_unlearn_ga.json
tofu/Llama-3.2-1B-Instruct_legonet_n32_k3/results/mia/ft_unlearn_gd.json	c5021da4c2e5bd4eb8d71ad2bf258ce084e0d5f958d87b358ffd722fbf12ef3c	1158	/storage2/jack/checkpoints/tofu_sisa_lora/Llama-3.2-1B-Instruct_legonet_n32_k3/results/mia/ft_unlearn_gd.json
tofu/Llama-3.2-1B-Instruct_legonet_n32_k3/results/mia/ft_unlearn_idk.json	0079847570d39ceb6137cbe8403876acc2e141395e0c46f0cd06de781da36eb1	1171	/storage2/jack/checkpoints/tofu_sisa_lora/Llama-3.2-1B-Instruct_legonet_n32_k3/results/mia/ft_unlearn_idk.json
tofu/Llama-3.2-1B-Instruct_legonet_n32_k3/results/mia/ft_unlearn_kl.json	eba6f9c7c6d75c59d63449eec70be75edb6c1997bcd90bdedb1e7d0e0e31e789	1188	/storage2/jack/checkpoints/tofu_sisa_lora/Llama-3.2-1B-Instruct_legonet_n32_k3/results/mia/ft_unlearn_kl.json
tofu/Llama-3.2-1B-Instruct_legonet_n32_k3/results/mia/legonet_full.json	909ad3df5183321901d224c4a866488332f1058c4cbd6d5084b18b4f13e1128b	1166	/storage2/jack/checkpoints/tofu_sisa_lora/Llama-3.2-1B-Instruct_legonet_n32_k3/results/mia/legonet_full.json
tofu/Llama-3.2-1B-Instruct_legonet_n32_k3/results/mia/legonet_unlearn.json	829cda0d3d3580c554aa056d72fd4f46793e4a78304360066a3272f688188970	1176	/storage2/jack/checkpoints/tofu_sisa_lora/Llama-3.2-1B-Instruct_legonet_n32_k3/results/mia/legonet_unlearn.json
tofu/Llama-3.2-1B-Instruct_legonet_n32_k3/results/mia/legonet_unlearn_s43.json	39e71b46b37504d3524f6e398a1006d4f851d465805410d0cf96027b61d929e7	1184	/storage2/jack/checkpoints/tofu_sisa_lora/Llama-3.2-1B-Instruct_legonet_n32_k3/results/mia/legonet_unlearn_s43.json
tofu/Llama-3.2-1B-Instruct_legonet_n32_k3/results/mia/oracle_retain90.json	8834242e52d1f492fbddc3ef3a9dcb03c9b5aa66eb8bd143e914f3d3e1a0045a	1187	/storage2/jack/checkpoints/tofu_sisa_lora/Llama-3.2-1B-Instruct_legonet_n32_k3/results/mia/oracle_retain90.json
tofu/Llama-3.2-1B-Instruct_legonet_n32_k3/results/mia/ramole_unlearn_embed.json	0e8e35666cae5eb882cb4864e8a42687f5f5890231c1216700bdbae284d327e1	1187	/storage2/jack/checkpoints/tofu_sisa_lora/Llama-3.2-1B-Instruct_legonet_n32_k3/results/mia/ramole_unlearn_embed.json
tofu/Llama-3.2-1B-Instruct_legonet_n32_k3/results/mia/routerkey_unlearn.json	4008bca9018148cb2d228c63f8373695e0570e23306c2d7fa578c361916646df	1159	/storage2/jack/checkpoints/tofu_sisa_lora/Llama-3.2-1B-Instruct_legonet_n32_k3/results/mia/routerkey_unlearn.json
tofu/Llama-3.2-1B-Instruct_legonet_n32_k3/results/mia/sift_full.json	478b4de88665022ccf928052a238c3ba100757557384d15525ceaa9fc8308d43	1128	/storage2/jack/checkpoints/tofu_sisa_lora/Llama-3.2-1B-Instruct_legonet_n32_k3/results/mia/sift_full.json
tofu/Llama-3.2-1B-Instruct_legonet_n32_k3/results/mia/sift_unlearn.json	79f1886a1a7969f8b9bc13b34a2a97af914c73b1f538085ca65e843f4d073577	1167	/storage2/jack/checkpoints/tofu_sisa_lora/Llama-3.2-1B-Instruct_legonet_n32_k3/results/mia/sift_unlearn.json
tofu/Llama-3.2-1B-Instruct_legonet_n32_k3/results/mia/sift_unlearn_s43.json	45e068ef8c591b6d3acd5145b022cd733644a177c8eb760e121cac340d439f14	1175	/storage2/jack/checkpoints/tofu_sisa_lora/Llama-3.2-1B-Instruct_legonet_n32_k3/results/mia/sift_unlearn_s43.json
tofu/Llama-3.2-1B-Instruct_legonet_n32_k3/results/rl_audit_basepin.json	19d2f9ab9af9849c1880cd29c274cd64ba8ae069396e34a0ff0f4272af5ccdfd	8148	/storage2/jack/checkpoints/tofu_sisa_lora/Llama-3.2-1B-Instruct_legonet_n32_k3/results/rl_audit_basepin.json
tofu/Llama-3.2-1B-Instruct_legonet_n32_k3/results/rl_audit_basepin.sims.npz	555221a983eedc7f818ffb792c904fb1ffd15b7af33bcfb98f2834c9348a6f3e	947494	/storage2/jack/checkpoints/tofu_sisa_lora/Llama-3.2-1B-Instruct_legonet_n32_k3/results/rl_audit_basepin.sims.npz
tofu/Llama-3.2-1B-Instruct_legonet_n32_k3/results/rl_audit_basepin_f01.json	253ccef46b0a71dcb494f0c697e1226087d35f742fe48b0826d7ae0a565987ba	2887	/storage2/jack/checkpoints/tofu_sisa_lora/Llama-3.2-1B-Instruct_legonet_n32_k3/results/rl_audit_basepin_f01.json
tofu/Llama-3.2-1B-Instruct_legonet_n32_k3/results/rl_audit_basepin_f01.sims.npz	1ddad9e5aba25530c026c2fcdf17f6ecab8b595a0926b53801db41f7c9103b89	479343	/storage2/jack/checkpoints/tofu_sisa_lora/Llama-3.2-1B-Instruct_legonet_n32_k3/results/rl_audit_basepin_f01.sims.npz
tofu/Llama-3.2-1B-Instruct_legonet_n32_k3/results/rl_audit_basepin_f05.json	6310fd1ed5950dce251d4c7c95d76449f44b7fd040029e0e2290c80c40bc14aa	4441	/storage2/jack/checkpoints/tofu_sisa_lora/Llama-3.2-1B-Instruct_legonet_n32_k3/results/rl_audit_basepin_f05.json
tofu/Llama-3.2-1B-Instruct_legonet_n32_k3/results/rl_audit_basepin_f05.sims.npz	b36c35938c77cc8b84ef0acb3af56faf4cb088b524172f3deaf0534b0022cb0f	687144	/storage2/jack/checkpoints/tofu_sisa_lora/Llama-3.2-1B-Instruct_legonet_n32_k3/results/rl_audit_basepin_f05.sims.npz
tofu/Llama-3.2-1B-Instruct_legonet_n32_k3/results/rl_audit_ft.json	411820b750a5e60b64bc8b6392a3dc1ada2dcd6daa832ac36f212561847686af	5341	/storage2/jack/checkpoints/tofu_sisa_lora/Llama-3.2-1B-Instruct_legonet_n32_k3/results/rl_audit_ft.json
tofu/Llama-3.2-1B-Instruct_legonet_n32_k3/results/rl_audit_ft.sims.npz	56bfe0169b96ca007f70c0ec08d97c792dd3ae616d02248eae6c2f6713c58237	1041742	/storage2/jack/checkpoints/tofu_sisa_lora/Llama-3.2-1B-Instruct_legonet_n32_k3/results/rl_audit_ft.sims.npz
tofu/Llama-3.2-1B-Instruct_legonet_n32_k3/results/rl_routerlora_drop_s42.json	323784e4289433658af8d42643802a59eb1fb542a928fd832173e5a3f764cf49	181459	/storage2/jack/checkpoints/tofu_sisa_lora/Llama-3.2-1B-Instruct_legonet_n32_k3/results/rl_routerlora_drop_s42.json
tofu/Llama-3.2-1B-Instruct_legonet_n32_k3/results/rl_routerlora_drop_s43.json	502b1f019b6427b713c6f96ccfa5ef2c932e6945324d6887a08e320ea2dd811a	181513	/storage2/jack/checkpoints/tofu_sisa_lora/Llama-3.2-1B-Instruct_legonet_n32_k3/results/rl_routerlora_drop_s43.json
tofu/Llama-3.2-1B-Instruct_legonet_n32_k3/results/rl_routerlora_drop_s44.json	a026c21eb29d24df90bef77c4fb4295cdcdc462761315b0238cf87afbb353b73	181489	/storage2/jack/checkpoints/tofu_sisa_lora/Llama-3.2-1B-Instruct_legonet_n32_k3/results/rl_routerlora_drop_s44.json
tofu/Llama-3.2-1B-Instruct_legonet_n32_k3/results/routing_audit_forget10.json	a9d98be6d183028a8bed53f1ca6f51d763088d738215d45c8d11c92df6fc4888	6427	/storage2/jack/checkpoints/tofu_sisa_lora/Llama-3.2-1B-Instruct_legonet_n32_k3/results/routing_audit_forget10.json
tofu/Llama-3.2-1B-Instruct_legonet_n32_k3/results/routing_audit_forget10_abstain.json	6e3d58c727b3f832f11ca0dbc485717b5c0ccacb824b06aebc44734c987cb808	5763	/storage2/jack/checkpoints/tofu_sisa_lora/Llama-3.2-1B-Instruct_legonet_n32_k3/results/routing_audit_forget10_abstain.json
tofu/Llama-3.2-1B-Instruct_legonet_n32_k3/results/routing_audit_forget10_basepin.json	41a06ac6d5a4af845c24ba5c76fa99643637312d1d9ac90b82cc3be324c5edf1	10089	/storage2/jack/checkpoints/tofu_sisa_lora/Llama-3.2-1B-Instruct_legonet_n32_k3/results/routing_audit_forget10_basepin.json
tofu/Llama-3.2-1B-Instruct_legonet_n32_k3/results/routing_audit_forget10_ftdrop.json	3d0ddc858f16427a493df156f14a333038b1b92e75c313877a3b0e69ab51234d	4242	/storage2/jack/checkpoints/tofu_sisa_lora/Llama-3.2-1B-Instruct_legonet_n32_k3/results/routing_audit_forget10_ftdrop.json
tofu/Llama-3.2-1B-Instruct_legonet_n32_k3/results/smoke/legonet_full.json	c60c6561757407a70d094e1d5fa2f7856414a7f93541e700a190d7f80eaebd1f	699	/storage2/jack/checkpoints/tofu_sisa_lora/Llama-3.2-1B-Instruct_legonet_n32_k3/results/smoke/legonet_full.json
tofu/Llama-3.2-1B-Instruct_legonet_n32_k3/results/smoke/legonet_unlearn.json	bac92a051fed9c9af06b625aa36ab3d469b3ee2bc8ed333e0978b9d3f548f4cc	705	/storage2/jack/checkpoints/tofu_sisa_lora/Llama-3.2-1B-Instruct_legonet_n32_k3/results/smoke/legonet_unlearn.json
tofu/Llama-3.2-1B-Instruct_legonet_n32_k3/results/smoke/ramole_full.json	4172e7bdaa66666f73395962a7d17ae3af430c01a294dd34a3ce26197438b4bb	696	/storage2/jack/checkpoints/tofu_sisa_lora/Llama-3.2-1B-Instruct_legonet_n32_k3/results/smoke/ramole_full.json
tofu/Llama-3.2-1B-Instruct_legonet_n32_k3/results/smoke/ramole_unlearn.json	df7cc34c20c8d726d57bf34c3f18a806ba3d5c64228713648f251bdc1e5fcedb	703	/storage2/jack/checkpoints/tofu_sisa_lora/Llama-3.2-1B-Instruct_legonet_n32_k3/results/smoke/ramole_unlearn.json
tofu/Llama-3.2-1B-Instruct_legonet_n32_k3/results/smoke/ramoleft_full.json	81dc7757843262be314c17e4d6d060770afa87e512b7948f8b988d30ac7e1492	725	/storage2/jack/checkpoints/tofu_sisa_lora/Llama-3.2-1B-Instruct_legonet_n32_k3/results/smoke/ramoleft_full.json
tofu/Llama-3.2-1B-Instruct_legonet_n32_k3/results/smoke/ramoleft_unlearn.json	906420f0b77f5a65f5f9e8d0642cf7c7d075c5ce51a7aff6cf50ce397c55bebb	733	/storage2/jack/checkpoints/tofu_sisa_lora/Llama-3.2-1B-Instruct_legonet_n32_k3/results/smoke/ramoleft_unlearn.json
tofu/Llama-3.2-1B-Instruct_legonet_n32_k3/results/smoke/routerkey_full.json	3243fb5bd2a79a54f35509dee4f3ae1ef6532a2aeeeb9686ff68162f980b2bd8	701	/storage2/jack/checkpoints/tofu_sisa_lora/Llama-3.2-1B-Instruct_legonet_n32_k3/results/smoke/routerkey_full.json
tofu/Llama-3.2-1B-Instruct_legonet_n32_k3/results/smoke/routerkey_unlearn.json	a295f40d425ef5d40f4dffed71e4a61ff5c62b028b8b01b561062d15af1138d4	710	/storage2/jack/checkpoints/tofu_sisa_lora/Llama-3.2-1B-Instruct_legonet_n32_k3/results/smoke/routerkey_unlearn.json
tofu/Llama-3.2-1B-Instruct_peft_dora_k10/results/smoke/dora_iso_s0.json	e704d574d61c780a979cfb9673ddcd0f9bcf15fc95527e2ea70da05dbadef4e3	745	/storage2/jack/checkpoints/tofu_sisa_lora/Llama-3.2-1B-Instruct_peft_dora_k10/results/smoke/dora_iso_s0.json
tofu/Llama-3.2-1B-Instruct_peft_dora_k10/results/smoke/dora_iso_s5.json	a71a6ec02f45aa2be4150b39812dfce567ca75699e32f2e6f6bb029756e18075	741	/storage2/jack/checkpoints/tofu_sisa_lora/Llama-3.2-1B-Instruct_peft_dora_k10/results/smoke/dora_iso_s5.json
tofu/Llama-3.2-1B-Instruct_peft_dora_k10/results/smoke/dora_iso_s9.json	76148a22d397faaedf56687216283b8401a8cbd09bdb5f990e9726ee67824867	746	/storage2/jack/checkpoints/tofu_sisa_lora/Llama-3.2-1B-Instruct_peft_dora_k10/results/smoke/dora_iso_s9.json
tofu/Llama-3.2-1B-Instruct_peft_dora_k10/results/smoke/merged_additive_mean.json	b82ab53da7e2224b00d8a9c4a5faa35589dab2383a3ceef6d63bfc31e7fada98	760	/storage2/jack/checkpoints/tofu_sisa_lora/Llama-3.2-1B-Instruct_peft_dora_k10/results/smoke/merged_additive_mean.json
tofu/Llama-3.2-1B-Instruct_peft_dora_k10/results/smoke/remerge_additive_mean.json	bca1053679191e86d1f666fcd4b306eed148d008a234b1e5b4d245d867fbaf46	767	/storage2/jack/checkpoints/tofu_sisa_lora/Llama-3.2-1B-Instruct_peft_dora_k10/results/smoke/remerge_additive_mean.json
tofu/Llama-3.2-1B-Instruct_peft_dora_k10/results/smoke/routed_key_exact.json	e1fb0cdb955eb63923c09cd526619c686093e77b0704d6a3c30187bacf73c7e6	758	/storage2/jack/checkpoints/tofu_sisa_lora/Llama-3.2-1B-Instruct_peft_dora_k10/results/smoke/routed_key_exact.json
tofu/Llama-3.2-1B-Instruct_peft_ia3_k10/results/smoke/ia3_composed_full.json	468dba48dee5b7f79b2efbe185137d00cee5623f31298be41fa6d08a4c5bea12	761	/storage2/jack/checkpoints/tofu_sisa_lora/Llama-3.2-1B-Instruct_peft_ia3_k10/results/smoke/ia3_composed_full.json
tofu/Llama-3.2-1B-Instruct_peft_ia3_k10/results/smoke/ia3_composed_unlearn.json	2b091771a7b48faeeea635c3e8fca22060cac41f3aa1a77c22aae5348ebff103	769	/storage2/jack/checkpoints/tofu_sisa_lora/Llama-3.2-1B-Instruct_peft_ia3_k10/results/smoke/ia3_composed_unlearn.json
tofu/Llama-3.2-1B-Instruct_peft_ia3_k10/results/smoke/ia3_geo_full.json	5a3a98f3f7fb1ed2b3f13b4bf9a6541f93ab50ff3ba1c9b47b9886624d4fb874	752	/storage2/jack/checkpoints/tofu_sisa_lora/Llama-3.2-1B-Instruct_peft_ia3_k10/results/smoke/ia3_geo_full.json
tofu/Llama-3.2-1B-Instruct_peft_ia3_k10/results/smoke/ia3_geo_unlearn.json	3aa91de81a53c4cada32f7aa853caa53d8445fbb8ff7b38c58693b04b99e80a9	756	/storage2/jack/checkpoints/tofu_sisa_lora/Llama-3.2-1B-Instruct_peft_ia3_k10/results/smoke/ia3_geo_unlearn.json
tofu/Llama-3.2-1B-Instruct_peft_ia3_k10/results/smoke/ia3_iso_s0.json	0d224925226d961e43b95d3c6e245cbd3b2fe62fca4a1ff6cb7015ef7048d45e	743	/storage2/jack/checkpoints/tofu_sisa_lora/Llama-3.2-1B-Instruct_peft_ia3_k10/results/smoke/ia3_iso_s0.json
tofu/Llama-3.2-1B-Instruct_peft_ia3_k10/results/smoke/ia3_iso_s5.json	a4fd2100cc9070570c837bfb6ae3aa6b7f8598847a1fce628b0864dbbe601c8c	735	/storage2/jack/checkpoints/tofu_sisa_lora/Llama-3.2-1B-Instruct_peft_ia3_k10/results/smoke/ia3_iso_s5.json
tofu/Llama-3.2-1B-Instruct_peft_ia3_k10/results/smoke/ia3_iso_s9.json	5d9ab0ce141de357f89fced7f952e24752670022227f34291401abe79856e3f1	747	/storage2/jack/checkpoints/tofu_sisa_lora/Llama-3.2-1B-Instruct_peft_ia3_k10/results/smoke/ia3_iso_s9.json
tofu/Llama-3.2-1B-Instruct_peft_ia3_k10/results/smoke/routed_key_exact.json	b7eb6150a4de7e18ceb85582405d28efed7a0c66bcd69e81528b0356b99bec75	756	/storage2/jack/checkpoints/tofu_sisa_lora/Llama-3.2-1B-Instruct_peft_ia3_k10/results/smoke/routed_key_exact.json
tofu/Llama-3.2-1B-Instruct_peft_prefix_k10/results/smoke/prefix_iso_s0.json	08f3f6b70c844a4fef83747c9d3b6bdbb1c64633c167f013d314161606bc173e	753	/storage2/jack/checkpoints/tofu_sisa_lora/Llama-3.2-1B-Instruct_peft_prefix_k10/results/smoke/prefix_iso_s0.json
tofu/Llama-3.2-1B-Instruct_peft_prefix_k10/results/smoke/prefix_iso_s5.json	c185d4765a287409ce55768c7dd4cc94360a244b524ec71b36fb0fd6e67fc58d	744	/storage2/jack/checkpoints/tofu_sisa_lora/Llama-3.2-1B-Instruct_peft_prefix_k10/results/smoke/prefix_iso_s5.json
tofu/Llama-3.2-1B-Instruct_peft_prefix_k10/results/smoke/prefix_iso_s9.json	699dfe2b0e055a4a4ab4108e8474adbe4fbc7f760711163036888d6cf6240cf4	754	/storage2/jack/checkpoints/tofu_sisa_lora/Llama-3.2-1B-Instruct_peft_prefix_k10/results/smoke/prefix_iso_s9.json
tofu/Llama-3.2-1B-Instruct_peft_prefix_k10/results/smoke/prefixcat_full.json	4f322dcefef0883d9e0e7c539489ea3e18bf8f787abbc05aa1c457154cd947e8	762	/storage2/jack/checkpoints/tofu_sisa_lora/Llama-3.2-1B-Instruct_peft_prefix_k10/results/smoke/prefixcat_full.json
tofu/Llama-3.2-1B-Instruct_peft_prefix_k10/results/smoke/prefixcat_unlearn.json	5c8ea4dc710f9d3b8ff07da132540b325694b96df27eaf53640457ba35133884	768	/storage2/jack/checkpoints/tofu_sisa_lora/Llama-3.2-1B-Instruct_peft_prefix_k10/results/smoke/prefixcat_unlearn.json
tofu/Llama-3.2-1B-Instruct_peft_prefix_k10/results/smoke/routed_key_exact.json	014b697030a974999efe81c5346cbd3be24e72bada9e93a0beda917d9e27316f	755	/storage2/jack/checkpoints/tofu_sisa_lora/Llama-3.2-1B-Instruct_peft_prefix_k10/results/smoke/routed_key_exact.json
tofu/Llama-3.2-1B-Instruct_peft_vera_k10/results/smoke/routed_key_exact.json	161c44022f7d04aa6cd8945731743369597276c1521baa49fa273ff33820d84b	757	/storage2/jack/checkpoints/tofu_sisa_lora/Llama-3.2-1B-Instruct_peft_vera_k10/results/smoke/routed_key_exact.json
tofu/Llama-3.2-1B-Instruct_peft_vera_k10/results/smoke/vera_composed_full.json	c9a0524586bd4870cf1da6637ab426ebee0a0b2840f29c1541935c4232f946ca	760	/storage2/jack/checkpoints/tofu_sisa_lora/Llama-3.2-1B-Instruct_peft_vera_k10/results/smoke/vera_composed_full.json
tofu/Llama-3.2-1B-Instruct_peft_vera_k10/results/smoke/vera_composed_unlearn.json	0505ad2a35e093c4cf037b386125959cf75e75422dbff8df660d6fd7a2952c7a	773	/storage2/jack/checkpoints/tofu_sisa_lora/Llama-3.2-1B-Instruct_peft_vera_k10/results/smoke/vera_composed_unlearn.json
tofu/Llama-3.2-1B-Instruct_peft_vera_k10/results/smoke/vera_iso_s0.json	330996c6a7a7d610b7b011311054e41bd80a60442e418271c172ad9181a2a366	746	/storage2/jack/checkpoints/tofu_sisa_lora/Llama-3.2-1B-Instruct_peft_vera_k10/results/smoke/vera_iso_s0.json
tofu/Llama-3.2-1B-Instruct_peft_vera_k10/results/smoke/vera_iso_s5.json	542460c8066aade9f252531b89925ff9e565bae5ad8f5719103f926d6780347e	738	/storage2/jack/checkpoints/tofu_sisa_lora/Llama-3.2-1B-Instruct_peft_vera_k10/results/smoke/vera_iso_s5.json
tofu/Llama-3.2-1B-Instruct_peft_vera_k10/results/smoke/vera_iso_s9.json	17ab908706e017a84996dc68be77451a9c791387cfd01136f9b2f43d72c1f71b	747	/storage2/jack/checkpoints/tofu_sisa_lora/Llama-3.2-1B-Instruct_peft_vera_k10/results/smoke/vera_iso_s9.json
tofu/Llama-3.2-1B-Instruct_sift_masks/results/answer_prob_forget10.json	96aad47e0a4839f768741d6084f93e8f6323c33b164277521723f2b372dff722	203	/storage2/jack/checkpoints/tofu_sisa_lora/Llama-3.2-1B-Instruct_sift_masks/results/answer_prob_forget10.json
tofu/Llama-3.2-1B-Instruct_sift_masks/results/answer_prob_full.json	414c458dda873c8b7180774569a2200132de209cd92d5dbd51391c51f627f657	129	/storage2/jack/checkpoints/tofu_sisa_lora/Llama-3.2-1B-Instruct_sift_masks/results/answer_prob_full.json
tofu/Llama-3.2-1B-Instruct_sift_masks/results/exactness_a199.json	85067b62ddab9265a0dd5a48f94790e7e074f711e25b8254f4e431c382593586	316	/storage2/jack/checkpoints/tofu_sisa_lora/Llama-3.2-1B-Instruct_sift_masks/results/exactness_a199.json
tofu/Llama-3.2-1B-Instruct_sift_masks/results/extended/merge_full.json	c1cf3593b8fb38066b8bded7f5f79cc6397db49f4d25604f8e00f8aa1f7452aa	721	/storage2/jack/checkpoints/tofu_sisa_lora/Llama-3.2-1B-Instruct_sift_masks/results/extended/merge_full.json
tofu/Llama-3.2-1B-Instruct_sift_masks/results/extended/merge_unlearn.json	52e0e44a8aadb18ec8e32a4cb9649ee77cdce66715dc005853b1f41dfec022a8	728	/storage2/jack/checkpoints/tofu_sisa_lora/Llama-3.2-1B-Instruct_sift_masks/results/extended/merge_unlearn.json
tofu/Llama-3.2-1B-Instruct_sift_masks/results/extended/merge_unlearn.pre_h8.json	51066fb3ded72991ca7f77f3e202cc79305ab1a48da495579edc9b6d61f0da89	728	/storage2/jack/checkpoints/tofu_sisa_lora/Llama-3.2-1B-Instruct_sift_masks/results/extended/merge_unlearn.pre_h8.json
tofu/Llama-3.2-1B-Instruct_sift_masks/results/extended/sift_full.json	92480786a445a1f78d52b85e46bc1dbfc46a2a111a30ff25aea019f7d0e04988	718	/storage2/jack/checkpoints/tofu_sisa_lora/Llama-3.2-1B-Instruct_sift_masks/results/extended/sift_full.json
tofu/Llama-3.2-1B-Instruct_sift_masks/results/extended/sift_unlearn.json	fe820cf6a7657a677f647a68726525c480f372a6921505d4fdb44ba83aab3665	724	/storage2/jack/checkpoints/tofu_sisa_lora/Llama-3.2-1B-Instruct_sift_masks/results/extended/sift_unlearn.json
tofu/Llama-3.2-1B-Instruct_sift_masks/results/extended/sift_unlearn.pre_h8.json	5360bbba938611d7aea35266bf5f4bb0da960ed00024bc752c32d2de287e0f68	724	/storage2/jack/checkpoints/tofu_sisa_lora/Llama-3.2-1B-Instruct_sift_masks/results/extended/sift_unlearn.pre_h8.json
tofu/Llama-3.2-1B-Instruct_sift_masks/results/smoke/merge_full.json	da34b84674c0e26699f308b5d0da18d2cb7894352864948458620a5204a06ea7	717	/storage2/jack/checkpoints/tofu_sisa_lora/Llama-3.2-1B-Instruct_sift_masks/results/smoke/merge_full.json
tofu/Llama-3.2-1B-Instruct_sift_masks/results/smoke/merge_unlearn.json	8e54c2d14ac3156d2cc31c0ef4f77984dbacb6f15f2a6378905aeebde898ba17	727	/storage2/jack/checkpoints/tofu_sisa_lora/Llama-3.2-1B-Instruct_sift_masks/results/smoke/merge_unlearn.json
tofu/Llama-3.2-1B-Instruct_sift_masks/results/smoke/sift_full.json	afb9fb7a08a329dc0fe7d4653cc8a6a09ba73965034651ef586186b9daa5b1cf	713	/storage2/jack/checkpoints/tofu_sisa_lora/Llama-3.2-1B-Instruct_sift_masks/results/smoke/sift_full.json
tofu/Llama-3.2-1B-Instruct_sift_masks/results/smoke/sift_unlearn.json	643f9eef2fbce520f4459df4639eff5a1d0c23ab1bdaeda1f32074eb87a65e30	724	/storage2/jack/checkpoints/tofu_sisa_lora/Llama-3.2-1B-Instruct_sift_masks/results/smoke/sift_unlearn.json
